"ADM_name","ISO3","Name_short","Date_b19","Date_e19","Date_b18","Date_e18","Date_b17","Date_e17","Date_b16","Date_e16","Date_b15","Date_e15","Date_b14","Date_e14","Date_b13","Date_e13","Date_b12","Date_e12","Date_b11","Date_e11","Date_b10","Date_e10","Date_b09","Date_e09"
"Afghanistan","AFG","summer holiday",2019-07-25,2019-08-10,2018-07-25,2018-08-10,2017-07-25,2017-08-10,2016-07-25,2016-08-10,2015-07-25,2015-08-09,2014-07-26,2014-08-10,2013-07-27,2013-08-10,2012-07-25,2012-08-10,2011-07-25,2011-08-10,2010-07-25,2010-08-08,2009-07-25,2009-08-09
"Albania","ALB","summer holiday",2019-06-08,2019-09-15,2018-06-09,2018-09-15,2017-06-10,2017-09-15,2016-06-08,2016-09-15,2015-06-08,2015-09-13,2014-06-08,2014-09-14,2013-06-08,2013-09-15,2012-06-09,2012-09-15,2011-06-08,2011-09-15,2010-06-08,2010-09-15,2009-06-08,2009-09-13
"Algeria","DZA","summer holiday",2019-07-04,2019-09-04,2018-07-04,2018-09-02,2017-07-04,2017-09-03,2016-07-04,2016-09-04,2015-07-04,2015-09-04,2014-07-05,2014-09-04,2013-07-06,2013-09-04,2012-07-04,2012-09-02,2011-07-04,2011-09-04,2010-07-04,2010-09-04,2009-07-04,2009-09-04
"American Samoa","ASM","summer holiday",2019-07-20,2019-08-18,2018-07-21,2018-08-18,2017-07-22,2017-08-18,2016-07-20,2016-08-18,2015-07-20,2015-08-16,2014-07-20,2014-08-17,2013-07-20,2013-08-18,2012-07-21,2012-08-18,2011-07-20,2011-08-18,2010-07-20,2010-08-18,2009-07-20,2009-08-16
"American Samoa","ASM","spring holiday",2019-05-04,2019-06-02,2018-05-05,2018-06-02,2017-05-06,2017-06-02,2016-05-04,2016-06-02,2015-05-04,2015-05-31,2014-05-04,2014-06-01,2013-05-04,2013-06-02,2012-05-05,2012-06-02,2011-05-04,2011-06-02,2010-05-04,2010-06-02,2009-05-04,2009-05-31
"American Samoa","ASM","winter holiday",2019-11-30,2020-01-12,2018-12-01,2019-01-12,2017-12-02,2018-01-12,2016-11-30,2017-01-12,2015-11-30,2016-01-10,2014-11-30,2015-01-11,2013-11-30,2014-01-12,2012-12-01,2013-01-12,2011-11-30,2012-01-12,2010-11-30,2011-01-12,2009-11-30,2010-01-10
"Andorra","AND","summer holiday",2019-06-29,2019-09-08,2018-06-30,2018-09-08,2017-07-01,2017-09-08,2016-06-29,2016-09-08,2015-06-29,2015-09-06,2014-06-29,2014-09-07,2013-06-29,2013-09-08,2012-06-30,2012-09-08,2011-06-29,2011-09-08,2010-06-29,2010-09-08,2009-06-29,2009-09-06
"Angola","AGO","break between school years/terms",2019-12-17,2020-01-31,2018-12-17,2019-01-31,2017-12-17,2018-01-31,2016-12-17,2017-01-29,2015-12-19,2016-01-31,2014-12-17,2015-01-31,2013-12-17,2014-01-31,2012-12-17,2013-01-31,2011-12-17,2012-01-29,2010-12-18,2011-01-30,2009-12-19,2010-01-31
"Anguilla","AIA","summer holiday",2019-07-06,2019-09-08,2018-07-07,2018-09-08,2017-07-08,2017-09-08,2016-07-06,2016-09-08,2015-07-06,2015-09-06,2014-07-06,2014-09-07,2013-07-06,2013-09-08,2012-07-07,2012-09-08,2011-07-06,2011-09-08,2010-07-06,2010-09-08,2009-07-06,2009-09-06
"Antigua & Barbuda","ATG","summer holiday",2019-06-22,2019-09-01,2018-06-23,2018-09-01,2017-06-24,2017-09-01,2016-06-22,2016-09-01,2015-06-22,2015-08-30,2014-06-22,2014-08-31,2013-06-22,2013-09-01,2012-06-23,2012-09-01,2011-06-22,2011-09-01,2010-06-22,2010-09-01,2009-06-22,2009-08-30
"Argentina","ARG","winter holiday",2019-07-06,2019-07-21,2018-07-07,2018-07-21,2017-07-08,2017-07-21,2016-07-06,2016-07-21,2015-07-06,2015-07-19,2014-07-06,2014-07-20,2013-07-06,2013-07-21,2012-07-07,2012-07-21,2011-07-06,2011-07-21,2010-07-06,2010-07-21,2009-07-06,2009-07-19
"Argentina","ARG","summer holiday",2019-11-30,2020-03-01,2018-12-01,2019-03-01,2017-12-02,2018-03-01,2016-11-30,2017-03-01,2015-11-30,2016-02-28,2014-11-30,2015-03-01,2013-11-30,2014-03-01,2012-12-01,2013-03-01,2011-11-30,2012-03-01,2010-11-30,2011-02-27,2009-11-30,2010-02-28
"Armenia","ARM","summer holiday",2019-05-25,2019-09-01,2018-05-26,2018-09-01,2017-05-27,2017-09-01,2016-05-25,2016-09-01,2015-05-25,2015-08-30,2014-05-25,2014-08-31,2013-05-25,2013-09-01,2012-05-26,2012-09-01,2011-05-25,2011-09-01,2010-05-25,2010-09-01,2009-05-25,2009-08-30
"Aruba","ABW","autumn holiday",2019-10-05,2019-10-13,2018-10-06,2018-10-13,2017-10-07,2017-10-13,2016-10-05,2016-10-13,2015-10-05,2015-10-11,2014-10-05,2014-10-12,2013-10-05,2013-10-13,2012-10-06,2012-10-13,2011-10-05,2011-10-13,2010-10-05,2010-10-13,2009-10-05,2009-10-11
"Aruba","ABW","summer holiday",2019-06-13,2019-08-14,2018-06-13,2018-08-12,2017-06-13,2017-08-13,2016-06-13,2016-08-14,2015-06-13,2015-08-14,2014-06-14,2014-08-14,2013-06-15,2013-08-14,2012-06-13,2012-08-12,2011-06-13,2011-08-14,2010-06-13,2010-08-14,2009-06-13,2009-08-14
"Australia","AUS","spring holiday",2019-09-28,2019-10-13,2018-09-29,2018-10-13,2017-09-30,2017-10-13,2016-09-28,2016-10-13,2015-09-28,2015-10-11,2014-09-28,2014-10-12,2013-09-28,2013-10-13,2012-09-29,2012-10-13,2011-09-28,2011-10-13,2010-09-28,2010-10-13,2009-09-28,2009-10-11
"Australia","AUS","winter holiday",2019-07-06,2019-07-21,2018-07-07,2018-07-21,2017-07-08,2017-07-21,2016-07-06,2016-07-21,2015-07-06,2015-07-19,2014-07-06,2014-07-20,2013-07-06,2013-07-21,2012-07-07,2012-07-21,2011-07-06,2011-07-21,2010-07-06,2010-07-21,2009-07-06,2009-07-19
"Australia","AUS","autumn holiday",2019-04-13,2019-04-28,2018-04-14,2018-04-28,2017-04-15,2017-04-28,2016-04-13,2016-04-28,2015-04-13,2015-04-26,2014-04-13,2014-04-27,2013-04-13,2013-04-28,2012-04-14,2012-04-28,2011-04-13,2011-04-28,2010-04-13,2010-04-28,2009-04-13,2009-04-26
"Australia","AUS","summer holiday",2019-12-14,2020-01-28,2018-12-15,2019-01-27,2017-12-16,2018-01-28,2016-12-14,2017-01-28,2015-12-14,2016-01-28,2014-12-14,2015-01-28,2013-12-14,2014-01-26,2012-12-15,2013-01-27,2011-12-14,2012-01-28,2010-12-14,2011-01-28,2009-12-14,2010-01-28
"Austria","AUT","summer holiday",2019-06-30,2019-09-01,2018-06-30,2018-09-01,2017-07-01,2017-09-01,2016-07-02,2016-09-01,2015-06-30,2015-08-30,2014-06-30,2014-08-31,2013-06-30,2013-09-01,2012-06-30,2012-09-01,2011-07-02,2011-09-01,2010-06-30,2010-09-01,2009-06-30,2009-08-30
"Azerbaijan","AZE","autumn holiday",2019-11-16,2019-11-21,2018-11-17,2018-11-21,2017-11-18,2017-11-19,2016-11-16,2016-11-20,2015-11-16,2015-11-21,2014-11-16,2014-11-21,2013-11-16,2013-11-21,2012-11-17,2012-11-21,2011-11-16,2011-11-20,2010-11-16,2010-11-21,2009-11-16,2009-11-21
"Azerbaijan","AZE","break between school years/terms",2019-06-15,2019-09-15,2018-06-16,2018-09-15,2017-06-17,2017-09-15,2016-06-15,2016-09-15,2015-06-15,2015-09-13,2014-06-15,2014-09-14,2013-06-15,2013-09-15,2012-06-16,2012-09-15,2011-06-15,2011-09-15,2010-06-15,2010-09-15,2009-06-15,2009-09-13
"Bahamas","BHS","autumn holiday",2019-10-19,2019-10-29,2018-10-20,2018-10-28,2017-10-21,2017-10-29,2016-10-19,2016-10-29,2015-10-19,2015-10-29,2014-10-19,2014-10-29,2013-10-19,2013-10-27,2012-10-20,2012-10-28,2011-10-19,2011-10-29,2010-10-19,2010-10-29,2009-10-19,2009-10-29
"Bahamas","BHS","summer holiday",2019-06-22,2019-08-27,2018-06-23,2018-08-26,2017-06-24,2017-08-27,2016-06-22,2016-08-27,2015-06-22,2015-08-27,2014-06-22,2014-08-27,2013-06-22,2013-08-25,2012-06-23,2012-08-26,2011-06-22,2011-08-27,2010-06-22,2010-08-27,2009-06-22,2009-08-27
"Bahrain","BHR","summer holiday",2019-06-26,2019-09-01,2018-06-26,2018-09-01,2017-06-26,2017-09-01,2016-06-26,2016-09-01,2015-06-27,2015-08-30,2014-06-28,2014-08-31,2013-06-26,2013-09-01,2012-06-26,2012-09-01,2011-06-26,2011-09-01,2010-06-26,2010-09-01,2009-06-27,2009-08-30
"Bangladesh","BGD","break between school years/terms",2019-08-17,2019-09-01,2018-08-18,2018-09-01,2017-08-19,2017-09-01,2016-08-17,2016-09-01,2015-08-17,2015-08-30,2014-08-17,2014-08-31,2013-08-17,2013-09-01,2012-08-18,2012-09-01,2011-08-17,2011-09-01,2010-08-17,2010-09-01,2009-08-17,2009-08-30
"Bangladesh","BGD","summer holiday",2019-05-16,2019-06-22,2018-05-16,2018-06-22,2017-05-16,2017-06-22,2016-05-16,2016-06-22,2015-05-16,2015-06-21,2014-05-17,2014-06-22,2013-05-18,2013-06-22,2012-05-16,2012-06-22,2011-05-16,2011-06-22,2010-05-16,2010-06-20,2009-05-16,2009-06-21
"Barbados","BRB","summer holiday",2019-07-04,2019-09-08,2018-07-04,2018-09-08,2017-07-04,2017-09-08,2016-07-04,2016-09-08,2015-07-04,2015-09-06,2014-07-05,2014-09-07,2013-07-06,2013-09-08,2012-07-04,2012-09-08,2011-07-04,2011-09-08,2010-07-04,2010-09-08,2009-07-04,2009-09-06
"Belarus (Bielarus)","BLR","autumn holiday",2019-11-02,2019-11-12,2018-11-03,2018-11-11,2017-11-04,2017-11-12,2016-11-02,2016-11-12,2015-11-02,2015-11-12,2014-11-02,2014-11-12,2013-11-02,2013-11-10,2012-11-03,2012-11-11,2011-11-02,2011-11-12,2010-11-02,2010-11-12,2009-11-02,2009-11-12
"Belarus (Bielarus)","BLR","summer holiday",2019-06-01,2019-09-01,2018-06-02,2018-09-01,2017-06-03,2017-09-01,2016-06-01,2016-09-01,2015-06-01,2015-08-30,2014-06-01,2014-08-31,2013-06-01,2013-09-01,2012-06-02,2012-09-01,2011-06-01,2011-09-01,2010-06-01,2010-09-01,2009-06-01,2009-08-30
"Belgium","BEL","summer holiday",2019-07-01,2019-09-01,2018-07-01,2018-09-01,2017-07-01,2017-09-01,2016-07-02,2016-09-01,2015-07-01,2015-08-30,2014-07-01,2014-08-31,2013-07-01,2013-09-01,2012-07-01,2012-09-01,2011-07-02,2011-09-01,2010-07-03,2010-09-01,2009-07-01,2009-08-30
"Belize","BLZ","summer holiday",2019-06-29,2019-09-01,2018-06-30,2018-09-01,2017-07-01,2017-09-01,2016-06-29,2016-09-01,2015-06-29,2015-08-30,2014-06-29,2014-08-31,2013-06-29,2013-09-01,2012-06-30,2012-09-01,2011-06-29,2011-09-01,2010-06-29,2010-09-01,2009-06-29,2009-08-30
"Benin","BEN","summer holiday",2019-06-26,2019-09-15,2018-06-26,2018-09-15,2017-06-26,2017-09-15,2016-06-26,2016-09-15,2015-06-27,2015-09-13,2014-06-28,2014-09-14,2013-06-26,2013-09-15,2012-06-26,2012-09-15,2011-06-26,2011-09-15,2010-06-26,2010-09-15,2009-06-27,2009-09-13
"Bermuda","BMU","summer holiday",2019-06-29,2019-09-10,2018-06-30,2018-09-09,2017-07-01,2017-09-10,2016-06-29,2016-09-10,2015-06-29,2015-09-10,2014-06-29,2014-09-10,2013-06-29,2013-09-08,2012-06-30,2012-09-09,2011-06-29,2011-09-10,2010-06-29,2010-09-10,2009-06-29,2009-09-10
"Bhutan","BTN","summer holiday",2019-07-01,2019-07-31,2018-07-01,2018-07-29,2017-07-01,2017-07-30,2016-07-02,2016-07-31,2015-07-01,2015-07-31,2014-07-01,2014-07-31,2013-07-01,2013-07-31,2012-07-01,2012-07-29,2011-07-02,2011-07-31,2010-07-03,2010-07-31,2009-07-01,2009-07-31
"Bolivia","BOL","winter holiday",2019-06-29,2019-07-14,2018-06-30,2018-07-14,2017-07-01,2017-07-14,2016-06-29,2016-07-14,2015-06-29,2015-07-12,2014-06-29,2014-07-13,2013-06-29,2013-07-14,2012-06-30,2012-07-14,2011-06-29,2011-07-14,2010-06-29,2010-07-14,2009-06-29,2009-07-12
"Bolivia","BOL","summer holiday",2019-11-30,2020-01-31,2018-12-01,2019-01-31,2017-12-02,2018-01-31,2016-11-30,2017-01-29,2015-11-30,2016-01-31,2014-11-30,2015-01-31,2013-11-30,2014-01-31,2012-12-01,2013-01-31,2011-11-30,2012-01-29,2010-11-30,2011-01-30,2009-11-30,2010-01-31
"Bosnia & Herzegovina (Federation)","BIH","summer holiday",2019-06-09,2019-09-01,2018-06-09,2018-09-01,2017-06-10,2017-09-01,2016-06-11,2016-09-01,2015-06-09,2015-08-30,2014-06-09,2014-08-31,2013-06-09,2013-09-01,2012-06-09,2012-09-01,2011-06-11,2011-09-01,2010-06-09,2010-09-01,2009-06-09,2009-08-30
"Botswana","BWA","winter holiday",2019-07-13,2019-07-28,2018-07-14,2018-07-28,2017-07-15,2017-07-28,2016-07-13,2016-07-28,2015-07-13,2015-07-26,2014-07-13,2014-07-27,2013-07-13,2013-07-28,2012-07-14,2012-07-28,2011-07-13,2011-07-28,2010-07-13,2010-07-28,2009-07-13,2009-07-26
"Botswana","BWA","summer holiday",2019-12-01,2020-01-12,2018-12-01,2019-01-12,2017-12-02,2018-01-12,2016-12-03,2017-01-12,2015-12-01,2016-01-10,2014-12-01,2015-01-11,2013-12-01,2014-01-12,2012-12-01,2013-01-12,2011-12-03,2012-01-12,2010-12-01,2011-01-12,2009-12-01,2010-01-10
"Brazil","BRA","winter holiday",2019-06-20,2019-07-28,2019-06-23,2018-07-29,2017-06-20,2017-07-28,2016-06-20,2016-07-28,2015-06-20,2015-07-26,2014-06-21,2014-07-27,2013-06-22,2013-07-28,2012-06-20,2012-07-28,2011-06-20,2011-07-28,2010-06-20,2010-07-28,2009-06-20,2009-07-26
"Brazil","BRA","summer holiday",2019-12-18,2020-02-02,2018-12-22,2019-02-03,2017-12-18,2018-02-02,2016-12-18,2017-02-02,2015-12-19,2016-01-31,2014-12-20,2015-02-01,2013-12-18,2014-02-02,2012-12-18,2013-02-02,2011-12-18,2012-02-02,2010-12-18,2011-02-02,2009-12-19,2010-01-31
"British-virgin-islands","VGB","break between school years/terms",2019-06-18,2019-09-03,2018-06-18,2018-09-02,2017-06-18,2017-09-03,2016-06-18,2016-09-03,2015-06-20,2015-09-03,2014-06-18,2014-09-03,2013-06-18,2013-09-01,2012-06-18,2012-09-02,2011-06-18,2011-09-03,2010-06-19,2010-09-03,2009-06-20,2009-09-03
"Brunei Darussalam","BRN","break between school years/terms",2019-09-07,2019-09-15,2018-09-08,2018-09-15,2017-09-09,2017-09-15,2016-09-07,2016-09-15,2015-09-07,2015-09-13,2014-09-07,2014-09-14,2013-09-07,2013-09-15,2012-09-08,2012-09-15,2011-09-07,2011-09-15,2010-09-07,2010-09-15,2009-09-07,2009-09-13
"Brunei Darussalam","BRN","break between school years/terms",2019-03-16,2019-03-31,2018-03-17,2018-03-31,2017-03-18,2017-03-31,2016-03-16,2016-03-31,2015-03-16,2015-03-29,2014-03-16,2014-03-30,2013-03-16,2013-03-31,2012-03-17,2012-03-31,2011-03-16,2011-03-31,2010-03-16,2010-03-31,2009-03-16,2009-03-29
"Brunei Darussalam","BRN","break between school years/terms",2019-12-01,2020-01-01,2018-12-01,2018-12-30,2017-12-02,2017-12-31,2016-12-03,2017-01-01,2015-12-01,2016-01-01,2014-12-01,2015-01-01,2013-12-01,2014-01-01,2012-12-01,2012-12-30,2011-12-03,2012-01-01,2010-12-01,2011-01-01,2009-12-01,2010-01-01
"Bulgaria","BGR","summer holiday",2019-06-29,2019-09-03,2018-06-30,2018-09-02,2017-07-01,2017-09-03,2016-06-29,2016-09-03,2015-06-29,2015-09-03,2014-06-29,2014-09-03,2013-06-29,2013-09-01,2012-06-30,2012-09-02,2011-06-29,2011-09-03,2010-06-29,2010-09-03,2009-06-29,2009-09-03
"Burkina Faso","BFA","summer holiday",2019-07-06,2019-09-03,2018-07-07,2018-09-02,2017-07-08,2017-09-03,2016-07-06,2016-09-03,2015-07-06,2015-09-03,2014-07-06,2014-09-03,2013-07-06,2013-09-01,2012-07-07,2012-09-02,2011-07-06,2011-09-03,2010-07-06,2010-09-03,2009-07-06,2009-09-03
"Burundi","BDI","summer holiday",2019-07-13,2019-09-08,2018-07-14,2018-09-08,2017-07-15,2017-09-08,2016-07-13,2016-09-08,2015-07-13,2015-09-06,2014-07-13,2014-09-07,2013-07-13,2013-09-08,2012-07-14,2012-09-08,2011-07-13,2011-09-08,2010-07-13,2010-09-08,2009-07-13,2009-09-06
"C?te d'Ivoire (Ivory Coast)","CIV","summer holiday",2019-07-31,2019-09-08,2018-07-31,2018-09-08,2017-07-31,2017-09-08,2016-07-31,2016-09-08,2015-08-01,2015-09-06,2014-08-02,2014-09-07,2013-07-31,2013-09-08,2012-07-31,2012-09-08,2011-07-31,2011-09-08,2010-07-31,2010-09-08,2009-08-01,2009-09-06
"Cambodia","KHM","summer holiday",2019-06-08,2019-08-06,2018-06-09,2018-08-05,2017-06-10,2017-08-06,2016-06-08,2016-08-06,2015-06-08,2015-08-06,2014-06-08,2014-08-06,2013-06-08,2013-08-04,2012-06-09,2012-08-05,2011-06-08,2011-08-06,2010-06-08,2010-08-06,2009-06-08,2009-08-06
"Cameroon","CMR","summer holiday",2019-07-06,2019-09-03,2018-07-07,2018-09-02,2017-07-08,2017-09-03,2016-07-06,2016-09-03,2015-07-06,2015-09-03,2014-07-06,2014-09-03,2013-07-06,2013-09-01,2012-07-07,2012-09-02,2011-07-06,2011-09-03,2010-07-06,2010-09-03,2009-07-06,2009-09-03
"Canada","CAN","summer holiday",2019-06-27,2019-09-03,2018-06-27,2018-09-02,2017-06-27,2017-09-03,2016-06-27,2016-09-03,2015-06-27,2015-09-03,2014-06-28,2014-09-03,2013-06-29,2013-09-01,2012-06-27,2012-09-02,2011-06-27,2011-09-03,2010-06-27,2010-09-03,2009-06-27,2009-09-03
"Cape Verde","CPV","summer holiday",2019-06-29,2019-09-17,2018-06-30,2018-09-16,2017-07-01,2017-09-17,2016-06-29,2016-09-17,2015-06-29,2015-09-17,2014-06-29,2014-09-17,2013-06-29,2013-09-15,2012-06-30,2012-09-16,2011-06-29,2011-09-17,2010-06-29,2010-09-17,2009-06-29,2009-09-17
"Cayman","CYM","summer holiday",2019-06-29,2019-08-27,2018-06-30,2018-08-26,2017-07-01,2017-08-27,2016-06-29,2016-08-27,2015-06-29,2015-08-27,2014-06-29,2014-08-27,2013-06-29,2013-08-25,2012-06-30,2012-08-26,2011-06-29,2011-08-27,2010-06-29,2010-08-27,2009-06-29,2009-08-27
"Central African Rep","CAF","autumn holiday",2019-10-26,2019-11-03,2018-10-27,2018-11-03,2017-10-28,2017-11-03,2016-10-26,2016-11-03,2015-10-26,2015-11-01,2014-10-26,2014-11-02,2013-10-26,2013-11-03,2012-10-27,2012-11-03,2011-10-26,2011-11-03,2010-10-26,2010-11-03,2009-10-26,2009-11-01
"Central African Rep","CAF","summer holiday",2019-07-01,2019-09-01,2018-07-01,2018-09-01,2017-07-01,2017-09-01,2016-07-02,2016-09-01,2015-07-01,2015-08-30,2014-07-01,2014-08-31,2013-07-01,2013-09-01,2012-07-01,2012-09-01,2011-07-02,2011-09-01,2010-07-03,2010-09-01,2009-07-01,2009-08-30
"Chad","TCD","summer holiday",2019-07-06,2019-09-01,2018-07-07,2018-09-01,2017-07-08,2017-09-01,2016-07-06,2016-09-01,2015-07-06,2015-08-30,2014-07-06,2014-08-31,2013-07-06,2013-09-01,2012-07-07,2012-09-01,2011-07-06,2011-09-01,2010-07-06,2010-09-01,2009-07-06,2009-08-30
"Chile","CHL","winter holiday",2019-07-17,2019-07-28,2018-07-17,2018-07-28,2017-07-17,2017-07-28,2016-07-17,2016-07-28,2015-07-18,2015-07-26,2014-07-19,2014-07-27,2013-07-17,2013-07-28,2012-07-17,2012-07-28,2011-07-17,2011-07-28,2010-07-17,2010-07-28,2009-07-18,2009-07-26
"Colombia","COL","summer holiday",2019-06-29,2019-07-14,2018-06-30,2018-07-14,2017-07-01,2017-07-14,2016-06-29,2016-07-14,2015-06-29,2015-07-12,2014-06-29,2014-07-13,2013-06-29,2013-07-14,2012-06-30,2012-07-14,2011-06-29,2011-07-14,2010-06-29,2010-07-14,2009-06-29,2009-07-12
"Comoros","COM","winter holiday",2019-07-06,2019-09-04,2018-07-07,2018-09-02,2017-07-08,2017-09-03,2016-07-06,2016-09-04,2015-07-06,2015-09-04,2014-07-06,2014-09-04,2013-07-06,2013-09-04,2012-07-07,2012-09-02,2011-07-06,2011-09-04,2010-07-06,2010-09-04,2009-07-06,2009-09-04
"Congo (Brazzaville)","COG","summer holiday",2019-06-27,2019-09-01,2018-06-27,2018-09-01,2017-06-27,2017-09-01,2016-06-27,2016-09-01,2015-06-27,2015-08-30,2014-06-28,2014-08-31,2013-06-29,2013-09-01,2012-06-27,2012-09-01,2011-06-27,2011-09-01,2010-06-27,2010-09-01,2009-06-27,2009-08-30
"Congo (Dem. Rep. of the)","COD","summer holiday",2019-07-02,2019-09-01,2018-07-02,2018-09-01,2017-07-02,2017-09-01,2016-07-02,2016-09-01,2015-07-04,2015-08-30,2014-07-02,2014-08-31,2013-07-02,2013-09-01,2012-07-02,2012-09-01,2011-07-02,2011-09-01,2010-07-03,2010-09-01,2009-07-04,2009-08-30
"Cook Islands","COK","spring holiday",2019-10-05,2019-10-20,2018-10-06,2018-10-20,2017-10-07,2017-10-20,2016-10-05,2016-10-20,2015-10-05,2015-10-18,2014-10-05,2014-10-19,2013-10-05,2013-10-20,2012-10-06,2012-10-20,2011-10-05,2011-10-20,2010-10-05,2010-10-20,2009-10-05,2009-10-18
"Cook Islands","COK","winter holiday",2019-07-20,2019-08-04,2018-07-21,2018-08-04,2017-07-22,2017-08-04,2016-07-20,2016-08-04,2015-07-20,2015-08-02,2014-07-20,2014-08-03,2013-07-20,2013-08-04,2012-07-21,2012-08-04,2011-07-20,2011-08-04,2010-07-20,2010-08-04,2009-07-20,2009-08-02
"Cook Islands","COK","autumn holiday",2019-04-20,2019-05-05,2018-04-21,2018-05-05,2017-04-22,2017-05-05,2016-04-20,2016-05-05,2015-04-20,2015-05-03,2014-04-20,2014-05-04,2013-04-20,2013-05-05,2012-04-21,2012-05-05,2011-04-20,2011-05-05,2010-04-20,2010-05-05,2009-04-20,2009-05-03
"Cook Islands","COK","summer holiday",2019-12-14,2020-02-02,2018-12-15,2019-02-02,2017-12-16,2018-02-02,2016-12-14,2017-02-02,2015-12-14,2016-01-31,2014-12-14,2015-02-01,2013-12-14,2014-02-02,2012-12-15,2013-02-02,2011-12-14,2012-02-02,2010-12-14,2011-02-02,2009-12-14,2010-01-31
"Costa Rica","CRI","summer holiday",2019-07-01,2019-07-12,2018-07-01,2018-07-12,2017-07-01,2017-07-12,2016-07-02,2016-07-10,2015-07-01,2015-07-12,2014-07-01,2014-07-12,2013-07-01,2013-07-12,2012-07-01,2012-07-12,2011-07-02,2011-07-10,2010-07-03,2010-07-11,2009-07-01,2009-07-12
"Costa Rica","CRI","break between school years/terms",2019-12-10,2020-02-02,2018-12-10,2019-02-02,2017-12-10,2018-02-02,2016-12-10,2017-02-02,2015-12-12,2016-01-31,2014-12-10,2015-02-01,2013-12-10,2014-02-02,2012-12-10,2013-02-02,2011-12-10,2012-02-02,2010-12-11,2011-02-02,2009-12-12,2010-01-31
"Croatia (Hrvatska)","HRV","autumn holiday",2019-10-26,2019-11-03,2018-10-27,2018-11-03,2017-10-28,2017-11-03,2016-10-26,2016-11-03,2015-10-26,2015-11-01,2014-10-26,2014-11-02,2013-10-26,2013-11-03,2012-10-27,2012-11-03,2011-10-26,2011-11-03,2010-10-26,2010-11-03,2009-10-26,2009-11-01
"Croatia (Hrvatska)","HRV","summer holiday",2019-06-15,2019-09-08,2018-06-16,2018-09-08,2017-06-17,2017-09-08,2016-06-15,2016-09-08,2015-06-15,2015-09-06,2014-06-15,2014-09-07,2013-06-15,2013-09-08,2012-06-16,2012-09-08,2011-06-15,2011-09-08,2010-06-15,2010-09-08,2009-06-15,2009-09-06
"Cuba","CUB","summer holiday",2019-06-29,2019-09-01,2018-06-30,2018-09-01,2017-07-01,2017-09-01,2016-06-29,2016-09-01,2015-06-29,2015-08-30,2014-06-29,2014-08-31,2013-06-29,2013-09-01,2012-06-30,2012-09-01,2011-06-29,2011-09-01,2010-06-29,2010-09-01,2009-06-29,2009-08-30
"Cura?ao","CUW","summer holiday",2019-06-15,2019-08-08,2018-06-16,2018-08-08,2017-06-17,2017-08-06,2016-06-15,2016-08-07,2015-06-15,2015-08-08,2014-06-15,2014-08-08,2013-06-15,2013-08-08,2012-06-16,2012-08-08,2011-06-15,2011-08-07,2010-06-15,2010-08-08,2009-06-15,2009-08-08
"Cyprus","CYP","break between school years/terms",2019-06-18,2019-07-24,2018-06-18,2018-07-22,2017-06-18,2017-07-23,2016-06-18,2016-07-24,2015-06-20,2015-07-24,2014-06-18,2014-07-24,2013-06-18,2013-07-24,2012-06-18,2012-07-22,2011-06-18,2011-07-24,2010-06-19,2010-07-24,2009-06-20,2009-07-24
"Czech Republic","CZE","summer holiday",2019-06-29,2019-09-01,2018-06-30,2018-09-01,2017-07-01,2017-09-01,2016-06-29,2016-09-01,2015-06-29,2015-08-30,2014-06-29,2014-08-31,2013-06-29,2013-09-01,2012-06-30,2012-09-01,2011-06-29,2011-09-01,2010-06-29,2010-09-01,2009-06-29,2009-08-30
"Denmark","DNK","autumn holiday",2019-10-19,2019-10-27,2018-10-20,2018-10-27,2017-10-21,2017-10-27,2016-10-19,2016-10-27,2015-10-19,2015-10-25,2014-10-19,2014-10-26,2013-10-19,2013-10-27,2012-10-20,2012-10-27,2011-10-19,2011-10-27,2010-10-19,2010-10-27,2009-10-19,2009-10-25
"Denmark","DNK","summer holiday",2019-06-29,2019-08-11,2018-06-30,2018-08-11,2017-07-01,2017-08-11,2016-06-29,2016-08-11,2015-06-29,2015-08-09,2014-06-29,2014-08-10,2013-06-29,2013-08-11,2012-06-30,2012-08-11,2011-06-29,2011-08-11,2010-06-29,2010-08-11,2009-06-29,2009-08-09
"Djibouti","DJI","summer holiday",2019-06-26,2019-09-03,2018-06-26,2018-09-02,2017-06-26,2017-09-03,2016-06-26,2016-09-03,2015-06-27,2015-09-03,2014-06-28,2014-09-03,2013-06-26,2013-09-01,2012-06-26,2012-09-02,2011-06-26,2011-09-03,2010-06-26,2010-09-03,2009-06-27,2009-09-03
"Dominica","DMA","summer holiday",2019-07-03,2019-09-04,2018-07-03,2018-09-02,2017-07-03,2017-09-03,2016-07-03,2016-09-04,2015-07-04,2015-09-04,2014-07-05,2014-09-04,2013-07-03,2013-09-04,2012-07-03,2012-09-02,2011-07-03,2011-09-04,2010-07-03,2010-09-04,2009-07-04,2009-09-04
"Dominican Republic","DOM","summer holiday",2019-06-22,2019-08-18,2018-06-23,2018-08-18,2017-06-24,2017-08-18,2016-06-22,2016-08-18,2015-06-22,2015-08-16,2014-06-22,2014-08-17,2013-06-22,2013-08-18,2012-06-23,2012-08-18,2011-06-22,2011-08-18,2010-06-22,2010-08-18,2009-06-22,2009-08-16
"Ecuador","ECU","break between school years/terms",2019-06-22,2019-08-18,2018-06-23,2018-08-18,2017-06-24,2017-08-18,2016-06-22,2016-08-18,2015-06-22,2015-08-16,2014-06-22,2014-08-17,2013-06-22,2013-08-18,2012-06-23,2012-08-18,2011-06-22,2011-08-18,2010-06-22,2010-08-18,2009-06-22,2009-08-16
"Ecuador","ECU","winter holiday",2019-12-21,2020-01-05,2018-12-22,2019-01-06,2017-12-23,2018-01-05,2016-12-21,2017-01-05,2015-12-21,2016-01-03,2014-12-21,2015-01-04,2013-12-21,2014-01-05,2012-12-22,2013-01-05,2011-12-21,2012-01-05,2010-12-21,2011-01-05,2009-12-21,2010-01-03
"Egypt","EGY","summer holiday",2019-06-06,2019-09-01,2018-06-06,2018-09-01,2017-06-06,2017-09-01,2016-06-06,2016-09-01,2015-06-06,2015-08-30,2014-06-07,2014-08-31,2013-06-08,2013-09-01,2012-06-06,2012-09-01,2011-06-06,2011-09-01,2010-06-06,2010-09-01,2009-06-06,2009-08-30
"El Salvador","SLV","break between school years/terms",2019-11-16,2020-01-21,2018-11-17,2019-01-20,2017-11-18,2018-01-21,2016-11-16,2017-01-21,2015-11-16,2016-01-21,2014-11-16,2015-01-21,2013-11-16,2014-01-19,2012-11-17,2013-01-20,2011-11-16,2012-01-21,2010-11-16,2011-01-21,2009-11-16,2010-01-21
"Equatorial Guinea","GNQ","summer holiday",2019-06-15,2019-09-01,2018-06-16,2018-09-01,2017-06-17,2017-09-01,2016-06-15,2016-09-01,2015-06-15,2015-08-30,2014-06-15,2014-08-31,2013-06-15,2013-09-01,2012-06-16,2012-09-01,2011-06-15,2011-09-01,2010-06-15,2010-09-01,2009-06-15,2009-08-30
"Eritrea","ERI","summer holiday",2019-06-15,2019-08-21,2018-06-16,2018-08-19,2017-06-17,2017-08-20,2016-06-15,2016-08-21,2015-06-15,2015-08-21,2014-06-15,2014-08-21,2013-06-15,2013-08-21,2012-06-16,2012-08-19,2011-06-15,2011-08-21,2010-06-15,2010-08-21,2009-06-15,2009-08-21
"Estonia","EST","summer holiday",2019-06-11,2019-09-01,2018-06-11,2018-09-01,2017-06-11,2017-09-01,2016-06-11,2016-09-01,2015-06-13,2015-08-30,2014-06-11,2014-08-31,2013-06-11,2013-09-01,2012-06-11,2012-09-01,2011-06-11,2011-09-01,2010-06-12,2010-09-01,2009-06-13,2009-08-30
"Ethiopia","ETH","break between school years/terms",2019-06-15,2019-08-31,2018-06-16,2018-08-31,2017-06-17,2017-08-31,2016-06-15,2016-08-31,2015-06-15,2015-08-30,2014-06-15,2014-08-31,2013-06-15,2013-08-31,2012-06-16,2012-08-31,2011-06-15,2011-08-31,2010-06-15,2010-08-29,2009-06-15,2009-08-30
"Falkland Islands","FLK","winter holiday",2019-08-08,2019-09-04,2018-08-08,2018-09-02,2017-08-08,2017-09-03,2016-08-08,2016-09-04,2015-08-08,2015-09-04,2014-08-09,2014-09-04,2013-08-10,2013-09-04,2012-08-08,2012-09-02,2011-08-08,2011-09-04,2010-08-08,2010-09-04,2009-08-08,2009-09-04
"Faroe Islands","FRO","autumn holiday",2019-10-12,2019-10-20,2018-10-13,2018-10-20,2017-10-14,2017-10-20,2016-10-12,2016-10-20,2015-10-12,2015-10-18,2014-10-12,2014-10-19,2013-10-12,2013-10-20,2012-10-13,2012-10-20,2011-10-12,2011-10-20,2010-10-12,2010-10-20,2009-10-12,2009-10-18
"Faroe Islands","FRO","summer holiday",2019-06-29,2019-08-18,2018-06-30,2018-08-18,2017-07-01,2017-08-18,2016-06-29,2016-08-18,2015-06-29,2015-08-16,2014-06-29,2014-08-17,2013-06-29,2013-08-18,2012-06-30,2012-08-18,2011-06-29,2011-08-18,2010-06-29,2010-08-18,2009-06-29,2009-08-16
"Fiji","FJI","winter holiday",2019-08-10,2019-08-25,2018-08-11,2018-08-25,2017-08-12,2017-08-25,2016-08-10,2016-08-25,2015-08-10,2015-08-23,2014-08-10,2014-08-24,2013-08-10,2013-08-25,2012-08-11,2012-08-25,2011-08-10,2011-08-25,2010-08-10,2010-08-25,2009-08-10,2009-08-23
"Fiji","FJI","break between school years/terms",2019-11-21,2020-02-02,2018-11-21,2019-02-02,2017-11-21,2018-02-02,2016-11-21,2017-02-02,2015-11-21,2016-01-31,2014-11-22,2015-02-01,2013-11-23,2014-02-02,2012-11-21,2013-02-02,2011-11-21,2012-02-02,2010-11-21,2011-02-02,2009-11-21,2010-01-31
"Finland","FIN","autumn holiday",2019-10-12,2019-10-20,2018-10-13,2018-10-20,2017-10-14,2017-10-20,2016-10-12,2016-10-20,2015-10-12,2015-10-18,2014-10-12,2014-10-19,2013-10-12,2013-10-20,2012-10-13,2012-10-20,2011-10-12,2011-10-20,2010-10-12,2010-10-20,2009-10-12,2009-10-18
"Finland","FIN","summer holiday",2019-06-01,2019-08-08,2018-06-02,2018-08-08,2017-06-03,2017-08-06,2016-06-01,2016-08-07,2015-06-01,2015-08-08,2014-06-01,2014-08-08,2013-06-01,2013-08-08,2012-06-02,2012-08-08,2011-06-01,2011-08-07,2010-06-01,2010-08-08,2009-06-01,2009-08-08
"France","FRA","summer holiday",2019-07-06,2019-09-01,2018-07-07,2018-09-01,2017-07-08,2017-09-01,2016-07-06,2016-09-01,2015-07-06,2015-08-30,2014-07-06,2014-08-31,2013-07-06,2013-09-01,2012-07-07,2012-09-01,2011-07-06,2011-09-01,2010-07-06,2010-09-01,2009-07-06,2009-08-30
"French Polynesia","PYF","winter holiday",2019-06-29,2019-08-14,2018-06-30,2018-08-12,2017-07-01,2017-08-13,2016-06-29,2016-08-14,2015-06-29,2015-08-14,2014-06-29,2014-08-14,2013-06-29,2013-08-14,2012-06-30,2012-08-12,2011-06-29,2011-08-14,2010-06-29,2010-08-14,2009-06-29,2009-08-14
"Gabon","GAB","summer holiday",2019-07-06,2019-09-29,2018-07-07,2018-09-29,2017-07-08,2017-09-29,2016-07-06,2016-09-29,2015-07-06,2015-09-27,2014-07-06,2014-09-28,2013-07-06,2013-09-29,2012-07-07,2012-09-29,2011-07-06,2011-09-29,2010-07-06,2010-09-29,2009-07-06,2009-09-27
"Gambia","GMB","summer holiday",2019-07-06,2019-09-10,2018-07-07,2018-09-09,2017-07-08,2017-09-10,2016-07-06,2016-09-10,2015-07-06,2015-09-10,2014-07-06,2014-09-10,2013-07-06,2013-09-08,2012-07-07,2012-09-09,2011-07-06,2011-09-10,2010-07-06,2010-09-10,2009-07-06,2009-09-10
"Georgia","GEO","summer holiday",2019-06-15,2019-09-15,2018-06-16,2018-09-15,2017-06-17,2017-09-15,2016-06-15,2016-09-15,2015-06-15,2015-09-13,2014-06-15,2014-09-14,2013-06-15,2013-09-15,2012-06-16,2012-09-15,2011-06-15,2011-09-15,2010-06-15,2010-09-15,2009-06-15,2009-09-13
"Germany","DEU","autumn holiday",2019-10-05,2019-10-20,2018-10-06,2018-10-20,2017-10-07,2017-10-20,2016-10-05,2016-10-20,2015-10-05,2015-10-18,2014-10-05,2014-10-19,2013-10-05,2013-10-20,2012-10-06,2012-10-20,2011-10-05,2011-10-20,2010-10-05,2010-10-20,2009-10-05,2009-10-18
"Germany","DEU","summer holiday",2019-06-20,2019-09-10,2018-06-20,2018-09-09,2017-06-20,2017-09-10,2016-06-20,2016-09-10,2015-06-20,2015-09-10,2014-06-21,2014-09-10,2013-06-22,2013-09-08,2012-06-20,2012-09-09,2011-06-20,2011-09-10,2010-06-20,2010-09-10,2009-06-20,2009-09-10
"Ghana","GHA","break between school years/terms",2019-04-04,2019-04-17,2018-04-04,2018-04-15,2017-04-04,2017-04-16,2016-04-04,2016-04-17,2015-04-04,2015-04-17,2014-04-05,2014-04-17,2013-04-06,2013-04-17,2012-04-04,2012-04-15,2011-04-04,2011-04-17,2010-04-04,2010-04-17,2009-04-04,2009-04-17
"Ghana","GHA","break between school years/terms",2019-12-14,2020-01-08,2018-12-15,2019-01-06,2017-12-16,2018-01-07,2016-12-14,2017-01-08,2015-12-14,2016-01-08,2014-12-14,2015-01-08,2013-12-14,2014-01-08,2012-12-15,2013-01-06,2011-12-14,2012-01-08,2010-12-14,2011-01-08,2009-12-14,2010-01-08
"Ghana","GHA","break between school years/terms",2019-07-09,2019-09-04,2018-07-09,2018-09-02,2017-07-09,2017-09-03,2016-07-09,2016-09-04,2015-07-11,2015-09-04,2014-07-09,2014-09-04,2013-07-09,2013-09-04,2012-07-09,2012-09-02,2011-07-09,2011-09-04,2010-07-10,2010-09-04,2009-07-11,2009-09-04
"Gibraltar","GIB","autumn holiday",2019-10-26,2019-11-03,2018-10-27,2018-11-03,2017-10-28,2017-11-03,2016-10-26,2016-11-03,2015-10-26,2015-11-01,2014-10-26,2014-11-02,2013-10-26,2013-11-03,2012-10-27,2012-11-03,2011-10-26,2011-11-03,2010-10-26,2010-11-03,2009-10-26,2009-11-01
"Gibraltar","GIB","summer holiday",2019-06-29,2019-09-03,2018-06-30,2018-09-02,2017-07-01,2017-09-03,2016-06-29,2016-09-03,2015-06-29,2015-09-03,2014-06-29,2014-09-03,2013-06-29,2013-09-01,2012-06-30,2012-09-02,2011-06-29,2011-09-03,2010-06-29,2010-09-03,2009-06-29,2009-09-03
"Greece","GRC","summer holiday",2019-06-15,2019-09-06,2018-06-16,2018-09-06,2017-06-17,2017-09-06,2016-06-15,2016-09-04,2015-06-15,2015-09-06,2014-06-15,2014-09-06,2013-06-15,2013-09-06,2012-06-16,2012-09-06,2011-06-15,2011-09-04,2010-06-15,2010-09-05,2009-06-15,2009-09-06
"Greenland - Kalaallit Nunaat","GRL","summer holiday",2019-06-20,2019-08-11,2018-06-20,2018-08-11,2017-06-20,2017-08-11,2016-06-20,2016-08-11,2015-06-20,2015-08-09,2014-06-21,2014-08-10,2013-06-22,2013-08-11,2012-06-20,2012-08-11,2011-06-20,2011-08-11,2010-06-20,2010-08-11,2009-06-20,2009-08-09
"Grenada","GRD","summer holiday",2019-07-13,2019-09-01,2018-07-14,2018-09-01,2017-07-15,2017-09-01,2016-07-13,2016-09-01,2015-07-13,2015-08-30,2014-07-13,2014-08-31,2013-07-13,2013-09-01,2012-07-14,2012-09-01,2011-07-13,2011-09-01,2010-07-13,2010-09-01,2009-07-13,2009-08-30
"Guadeloupe","GLP","summer holiday",2019-07-06,2019-09-01,2018-07-07,2018-09-01,2017-07-08,2017-09-01,2016-07-06,2016-09-01,2015-07-06,2015-08-30,2014-07-06,2014-08-31,2013-07-06,2013-09-01,2012-07-07,2012-09-01,2011-07-06,2011-09-01,2010-07-06,2010-09-01,2009-07-06,2009-08-30
"Guam","GUM","summer holiday",2019-06-01,2019-08-21,2018-06-02,2018-08-19,2017-06-03,2017-08-20,2016-06-01,2016-08-21,2015-06-01,2015-08-21,2014-06-01,2014-08-21,2013-06-01,2013-08-21,2012-06-02,2012-08-19,2011-06-01,2011-08-21,2010-06-01,2010-08-21,2009-06-01,2009-08-21
"Guatemala","GTM","summer holiday",2019-06-22,2019-06-30,2018-06-23,2018-06-30,2017-06-24,2017-06-30,2016-06-22,2016-06-30,2015-06-22,2015-06-28,2014-06-22,2014-06-29,2013-06-22,2013-06-30,2012-06-23,2012-06-30,2011-06-22,2011-06-30,2010-06-22,2010-06-30,2009-06-22,2009-06-28
"Guernsey","GGY","autumn holiday",2019-10-19,2019-11-03,2018-10-20,2018-11-03,2017-10-21,2017-11-03,2016-10-19,2016-11-03,2015-10-19,2015-11-01,2014-10-19,2014-11-02,2013-10-19,2013-11-03,2012-10-20,2012-11-03,2011-10-19,2011-11-03,2010-10-19,2010-11-03,2009-10-19,2009-11-01
"Guernsey","GGY","summer holiday",2019-07-08,2019-09-01,2018-07-08,2018-09-01,2017-07-08,2017-09-01,2016-07-09,2016-09-01,2015-07-08,2015-08-30,2014-07-08,2014-08-31,2013-07-08,2013-09-01,2012-07-08,2012-09-01,2011-07-09,2011-09-01,2010-07-10,2010-09-01,2009-07-08,2009-08-30
"Guiana","GUY","autumn holiday",2019-10-19,2019-11-03,2018-10-20,2018-11-03,2017-10-21,2017-11-03,2016-10-19,2016-11-03,2015-10-19,2015-11-01,2014-10-19,2014-11-02,2013-10-19,2013-11-03,2012-10-20,2012-11-03,2011-10-19,2011-11-03,2010-10-19,2010-11-03,2009-10-19,2009-11-01
"Guiana","GUY","summer holiday",2019-07-06,2019-09-01,2018-07-07,2018-09-01,2017-07-08,2017-09-01,2016-07-06,2016-09-01,2015-07-06,2015-08-30,2014-07-06,2014-08-31,2013-07-06,2013-09-01,2012-07-07,2012-09-01,2011-07-06,2011-09-01,2010-07-06,2010-09-01,2009-07-06,2009-08-30
"Guinea","GIN","summer holiday",2019-07-06,2019-09-03,2018-07-07,2018-09-02,2017-07-08,2017-09-03,2016-07-06,2016-09-03,2015-07-06,2015-09-03,2014-07-06,2014-09-03,2013-07-06,2013-09-01,2012-07-07,2012-09-02,2011-07-06,2011-09-03,2010-07-06,2010-09-03,2009-07-06,2009-09-03
"Guinea-Bissau","GNB","summer holiday",2019-07-27,2019-09-15,2018-07-28,2018-09-15,2017-07-29,2017-09-15,2016-07-27,2016-09-15,2015-07-27,2015-09-13,2014-07-27,2014-09-14,2013-07-27,2013-09-15,2012-07-28,2012-09-15,2011-07-27,2011-09-15,2010-07-27,2010-09-15,2009-07-27,2009-09-13
"Guyana","GUY","summer holiday",2019-07-06,2019-09-01,2018-07-07,2018-09-01,2017-07-08,2017-09-01,2016-07-06,2016-09-01,2015-07-06,2015-08-30,2014-07-06,2014-08-31,2013-07-06,2013-09-01,2012-07-07,2012-09-01,2011-07-06,2011-09-01,2010-07-06,2010-09-01,2009-07-06,2009-08-30
"Haiti","HTI","summer holiday",2019-06-29,2019-09-03,2018-06-30,2018-09-02,2017-07-01,2017-09-03,2016-06-29,2016-09-03,2015-06-29,2015-09-03,2014-06-29,2014-09-03,2013-06-29,2013-09-01,2012-06-30,2012-09-02,2011-06-29,2011-09-03,2010-06-29,2010-09-03,2009-06-29,2009-09-03
"Honduras","HND","break between school years/terms",2019-11-30,2020-02-02,2018-12-01,2019-02-02,2017-12-02,2018-02-02,2016-11-30,2017-02-02,2015-11-30,2016-01-31,2014-11-30,2015-02-01,2013-11-30,2014-02-02,2012-12-01,2013-02-02,2011-11-30,2012-02-02,2010-11-30,2011-02-02,2009-11-30,2010-01-31
"Hong Kong","HKG","summer holiday",2019-06-15,2019-09-01,2018-06-16,2018-09-01,2017-06-17,2017-09-01,2016-06-15,2016-09-01,2015-06-15,2015-08-30,2014-06-15,2014-08-31,2013-06-15,2013-09-01,2012-06-16,2012-09-01,2011-06-15,2011-09-01,2010-06-15,2010-09-01,2009-06-15,2009-08-30
"Hong Kong","HKG","autumn holiday",2019-10-19,2019-10-27,2018-10-20,2018-10-27,2017-10-21,2017-10-27,2016-10-19,2016-10-27,2015-10-19,2015-10-25,2014-10-19,2014-10-26,2013-10-19,2013-10-27,2012-10-20,2012-10-27,2011-10-19,2011-10-27,2010-10-19,2010-10-27,2009-10-19,2009-10-25
"Hungary","HUN","autumn holiday",2019-10-26,2019-11-03,2018-10-27,2018-11-03,2017-10-28,2017-11-03,2016-10-26,2016-11-03,2015-10-26,2015-11-01,2014-10-26,2014-11-02,2013-10-26,2013-11-03,2012-10-27,2012-11-03,2011-10-26,2011-11-03,2010-10-26,2010-11-03,2009-10-26,2009-11-01
"Hungary","HUN","summer holiday",2019-06-15,2019-09-01,2018-06-16,2018-09-01,2017-06-17,2017-09-01,2016-06-15,2016-09-01,2015-06-15,2015-08-30,2014-06-15,2014-08-31,2013-06-15,2013-09-01,2012-06-16,2012-09-01,2011-06-15,2011-09-01,2010-06-15,2010-09-01,2009-06-15,2009-08-30
"Iceland","ISL","summer holiday",2019-06-08,2019-08-23,2018-06-09,2018-08-23,2017-06-10,2017-08-23,2016-06-08,2016-08-21,2015-06-08,2015-08-23,2014-06-08,2014-08-23,2013-06-08,2013-08-23,2012-06-09,2012-08-23,2011-06-08,2011-08-21,2010-06-08,2010-08-22,2009-06-08,2009-08-23
"India","IND","summer holiday",2019-06-01,2019-07-05,2018-05-26,2018-07-01,2017-06-03,2017-07-05,2016-06-01,2016-07-03,2015-06-01,2015-07-05,2014-06-01,2014-07-05,2013-06-01,2013-07-05,2012-06-02,2012-07-05,2011-06-01,2011-07-03,2010-06-01,2010-07-04,2009-06-01,2009-07-05
"India","IND","winter holiday",2019-12-22,2020-01-12,2018-12-22,2019-01-12,2017-12-23,2018-01-12,2016-12-24,2017-01-12,2015-12-22,2016-01-10,2014-12-22,2015-01-11,2013-12-22,2014-01-12,2012-12-22,2013-01-12,2011-12-24,2012-01-12,2010-12-22,2011-01-12,2009-12-22,2010-01-10
"Indonesia","IDN","break between school years/terms",2019-06-11,2019-07-14,2018-06-11,2018-07-14,2017-06-11,2017-07-14,2016-06-11,2016-07-14,2015-06-13,2015-07-12,2014-06-11,2014-07-13,2013-06-11,2013-07-14,2012-06-11,2012-07-14,2011-06-11,2011-07-14,2010-06-12,2010-07-14,2009-06-13,2009-07-12
"Iran (Islamic Republic of)","IRN","summer holiday",2019-06-19,2019-09-15,2018-06-19,2018-09-15,2017-06-19,2017-09-15,2016-06-19,2016-09-15,2015-06-20,2015-09-13,2014-06-21,2014-09-14,2013-06-19,2013-09-15,2012-06-19,2012-09-15,2011-06-19,2011-09-15,2010-06-19,2010-09-15,2009-06-20,2009-09-13
"Iraq","IRQ","summer holiday",2019-06-20,2019-09-01,2018-06-20,2018-09-01,2017-06-20,2017-09-01,2016-06-20,2016-09-01,2015-06-20,2015-08-30,2014-06-21,2014-08-31,2013-06-22,2013-09-01,2012-06-20,2012-09-01,2011-06-20,2011-09-01,2010-06-20,2010-09-01,2009-06-20,2009-08-30
"Ireland","IRL","summer holiday",2019-06-08,2019-09-01,2018-06-09,2018-09-01,2017-06-10,2017-09-01,2016-06-08,2016-09-01,2015-06-08,2015-08-30,2014-06-08,2014-08-31,2013-06-08,2013-09-01,2012-06-09,2012-09-01,2011-06-08,2011-09-01,2010-06-08,2010-09-01,2009-06-08,2009-08-30
"Isle of Man","IMN","break between school years/terms",2019-07-22,2019-09-04,2018-07-22,2018-09-02,2017-07-22,2017-09-03,2016-07-23,2016-09-04,2015-07-22,2015-09-04,2014-07-22,2014-09-04,2013-07-22,2013-09-04,2012-07-22,2012-09-02,2011-07-23,2011-09-04,2010-07-24,2010-09-04,2009-07-22,2009-09-04
"Israel","ISR","summer holiday",2019-06-29,2019-09-01,2018-06-30,2018-09-01,2017-07-01,2017-09-01,2016-06-29,2016-09-01,2015-06-29,2015-08-30,2014-06-29,2014-08-31,2013-06-29,2013-09-01,2012-06-30,2012-09-01,2011-06-29,2011-09-01,2010-06-29,2010-09-01,2009-06-29,2009-08-30
"Italy","ITA","break between school years/terms",2019-06-09,2019-09-10,2018-06-09,2018-09-09,2017-06-10,2017-09-10,2016-06-11,2016-09-10,2015-06-09,2015-09-10,2014-06-09,2014-09-10,2013-06-09,2013-09-08,2012-06-09,2012-09-09,2011-06-11,2011-09-10,2010-06-09,2010-09-10,2009-06-09,2009-09-10
"Italy","ITA","summer holiday",2019-06-08,2019-09-15,2018-06-09,2018-09-15,2017-06-10,2017-09-15,2016-06-08,2016-09-15,2015-06-08,2015-09-13,2014-06-08,2014-09-14,2013-06-08,2013-09-15,2012-06-09,2012-09-15,2011-06-08,2011-09-15,2010-06-08,2010-09-15,2009-06-08,2009-09-13
"Jamaica","JAM","summer holiday",2019-07-06,2019-09-01,2018-07-07,2018-09-01,2017-07-08,2017-09-01,2016-07-06,2016-09-01,2015-07-06,2015-08-30,2014-07-06,2014-08-31,2013-07-06,2013-09-01,2012-07-07,2012-09-01,2011-07-06,2011-09-01,2010-07-06,2010-09-01,2009-07-06,2009-08-30
"Japan","JPN","summer holiday",2019-07-20,2019-09-01,2018-07-21,2018-09-01,2017-07-22,2017-09-01,2016-07-20,2016-09-01,2015-07-20,2015-08-30,2014-07-20,2014-08-31,2013-07-20,2013-09-01,2012-07-21,2012-09-01,2011-07-20,2011-09-01,2010-07-20,2010-09-01,2009-07-20,2009-08-30
"Jersey","JEY","summer holiday",2019-07-20,2019-09-04,2018-07-21,2018-09-02,2017-07-22,2017-09-03,2016-07-20,2016-09-04,2015-07-20,2015-09-04,2014-07-20,2014-09-04,2013-07-20,2013-09-04,2012-07-21,2012-09-02,2011-07-20,2011-09-04,2010-07-20,2010-09-04,2009-07-20,2009-09-04
"Jordan","JOR","summer holiday",2019-06-12,2019-09-01,2018-06-12,2018-09-01,2017-06-12,2017-09-01,2016-06-12,2016-09-01,2015-06-13,2015-08-30,2014-06-14,2014-08-31,2013-06-12,2013-09-01,2012-06-12,2012-09-01,2011-06-12,2011-09-01,2010-06-12,2010-09-01,2009-06-13,2009-08-30
"Kazakhstan","KAZ","autumn holiday",2019-10-26,2019-11-03,2018-10-27,2018-11-03,2017-10-28,2017-11-03,2016-10-26,2016-11-03,2015-10-26,2015-11-01,2014-10-26,2014-11-02,2013-10-26,2013-11-03,2012-10-27,2012-11-03,2011-10-26,2011-11-03,2010-10-26,2010-11-03,2009-10-26,2009-11-01
"Kazakhstan","KAZ","summer holiday",2019-05-25,2019-08-25,2018-05-26,2018-08-25,2017-05-27,2017-08-25,2016-05-25,2016-08-25,2015-05-25,2015-08-23,2014-05-25,2014-08-24,2013-05-25,2013-08-25,2012-05-26,2012-08-25,2011-05-25,2011-08-25,2010-05-25,2010-08-25,2009-05-25,2009-08-23
"Kenya","KEN","summer holiday",2019-08-03,2019-08-25,2018-08-04,2018-08-25,2017-08-05,2017-08-25,2016-08-03,2016-08-25,2015-08-03,2015-08-23,2014-08-03,2014-08-24,2013-08-03,2013-08-25,2012-08-04,2012-08-25,2011-08-03,2011-08-25,2010-08-03,2010-08-25,2009-08-03,2009-08-23
"Kenya","KEN","break between school years/terms",2019-11-30,2020-01-02,2018-12-01,2019-01-02,2017-12-02,2017-12-31,2016-11-30,2017-01-01,2015-11-30,2016-01-02,2014-11-30,2015-01-02,2013-11-30,2014-01-02,2012-12-01,2013-01-02,2011-11-30,2012-01-01,2010-11-30,2011-01-02,2009-11-30,2010-01-02
"Kosovo","KOS","summer holiday",2019-06-29,2019-09-01,2018-06-30,2018-09-01,2017-07-01,2017-09-01,2016-06-29,2016-09-01,2015-06-29,2015-08-30,2014-06-29,2014-08-31,2013-06-29,2013-09-01,2012-06-30,2012-09-01,2011-06-29,2011-09-01,2010-06-29,2010-09-01,2009-06-29,2009-08-30
"Kuwait","KWT","summer holiday",2019-07-04,2019-08-25,2018-07-04,2018-08-25,2017-07-04,2017-08-25,2016-07-04,2016-08-25,2015-07-04,2015-08-23,2014-07-05,2014-08-24,2013-07-06,2013-08-25,2012-07-04,2012-08-25,2011-07-04,2011-08-25,2010-07-04,2010-08-25,2009-07-04,2009-08-23
"Kyrgyzstan","KGZ","summer holiday",2019-05-25,2019-09-01,2018-05-26,2018-09-01,2017-05-27,2017-09-01,2016-05-25,2016-09-01,2015-05-25,2015-08-30,2014-05-25,2014-08-31,2013-05-25,2013-09-01,2012-05-26,2012-09-01,2011-05-25,2011-09-01,2010-05-25,2010-09-01,2009-05-25,2009-08-30
"Kyrgyzstan","KGZ","autumn holiday",2019-10-26,2019-11-03,2018-10-27,2018-11-03,2017-10-28,2017-11-03,2016-10-26,2016-11-03,2015-10-26,2015-11-01,2014-10-26,2014-11-02,2013-10-26,2013-11-03,2012-10-27,2012-11-03,2011-10-26,2011-11-03,2010-10-26,2010-11-03,2009-10-26,2009-11-01
"Laos (People's Dem. Rep.)","LAO","summer holiday",2019-06-29,2019-09-03,2018-06-30,2018-09-02,2017-07-01,2017-09-03,2016-06-29,2016-09-03,2015-06-29,2015-09-03,2014-06-29,2014-09-03,2013-06-29,2013-09-01,2012-06-30,2012-09-02,2011-06-29,2011-09-03,2010-06-29,2010-09-03,2009-06-29,2009-09-03
"Latvia","LVA","summer holiday",2019-06-01,2019-09-01,2018-06-02,2018-09-01,2017-06-03,2017-09-01,2016-06-01,2016-09-01,2015-06-01,2015-08-30,2014-06-01,2014-08-31,2013-06-01,2013-09-01,2012-06-02,2012-09-01,2011-06-01,2011-09-01,2010-06-01,2010-09-01,2009-06-01,2009-08-30
"Latvia","LVA","autumn holiday",2019-10-12,2019-10-20,2018-10-13,2018-10-20,2017-10-14,2017-10-20,2016-10-12,2016-10-20,2015-10-12,2015-10-18,2014-10-12,2014-10-19,2013-10-12,2013-10-20,2012-10-13,2012-10-20,2011-10-12,2011-10-20,2010-10-12,2010-10-20,2009-10-12,2009-10-18
"Lebanon","LBN","summer holiday",2019-05-25,2019-08-16,2018-05-26,2018-08-16,2017-05-27,2017-08-16,2016-05-25,2016-08-14,2015-05-25,2015-08-16,2014-05-25,2014-08-16,2013-05-25,2013-08-16,2012-05-26,2012-08-16,2011-05-25,2011-08-14,2010-05-25,2010-08-15,2009-05-25,2009-08-16
"Lebanon","LBN","autumn holiday",2019-10-12,2019-10-20,2018-10-13,2018-10-20,2017-10-14,2017-10-20,2016-10-12,2016-10-20,2015-10-12,2015-10-18,2014-10-12,2014-10-19,2013-10-12,2013-10-20,2012-10-13,2012-10-20,2011-10-12,2011-10-20,2010-10-12,2010-10-20,2009-10-12,2009-10-18
"Lesotho","LSO","break between school years/terms",2019-06-13,2019-08-13,2018-06-13,2018-08-12,2017-06-13,2017-08-13,2016-06-13,2016-08-13,2015-06-13,2015-08-13,2014-06-14,2014-08-13,2013-06-15,2013-08-11,2012-06-13,2012-08-12,2011-06-13,2011-08-13,2010-06-13,2010-08-13,2009-06-13,2009-08-13
"Liberia","LBR","summer holiday",2019-07-20,2019-09-01,2018-07-21,2018-09-01,2017-07-22,2017-09-01,2016-07-20,2016-09-01,2015-07-20,2015-08-30,2014-07-20,2014-08-31,2013-07-20,2013-09-01,2012-07-21,2012-09-01,2011-07-20,2011-09-01,2010-07-20,2010-09-01,2009-07-20,2009-08-30
"Libya","LBY","summer holiday",2019-07-01,2019-01-08,2018-07-01,2018-01-07,2017-07-01,2017-01-08,2016-07-02,2016-01-08,2015-07-01,2015-01-08,2014-07-01,2014-01-08,2013-07-01,2013-01-06,2012-07-01,2012-01-08,2011-07-02,2011-01-08,2010-07-03,2010-01-08,2009-07-01,2009-01-08
"Liechtenstein","LIE","autumn holiday",2019-10-05,2019-10-20,2018-10-06,2018-10-20,2017-10-07,2017-10-20,2016-10-05,2016-10-20,2015-10-05,2015-10-18,2014-10-05,2014-10-19,2013-10-05,2013-10-20,2012-10-06,2012-10-20,2011-10-05,2011-10-20,2010-10-05,2010-10-20,2009-10-05,2009-10-18
"Liechtenstein","LIE","summer holiday",2019-07-06,2019-08-18,2018-07-07,2018-08-18,2017-07-08,2017-08-18,2016-07-06,2016-08-18,2015-07-06,2015-08-16,2014-07-06,2014-08-17,2013-07-06,2013-08-18,2012-07-07,2012-08-18,2011-07-06,2011-08-18,2010-07-06,2010-08-18,2009-07-06,2009-08-16
"Lithuania","LTU","summer holiday",2019-06-01,2019-09-01,2018-06-02,2018-09-01,2017-06-03,2017-09-01,2016-06-01,2016-09-01,2015-06-01,2015-08-30,2014-06-01,2014-08-31,2013-06-01,2013-09-01,2012-06-02,2012-09-01,2011-06-01,2011-09-01,2010-06-01,2010-09-01,2009-06-01,2009-08-30
"Luxembourg","LUX","autumn holiday",2019-10-26,2019-11-03,2018-10-27,2018-11-03,2017-10-28,2017-11-03,2016-10-26,2016-11-03,2015-10-26,2015-11-01,2014-10-26,2014-11-02,2013-10-26,2013-11-03,2012-10-27,2012-11-03,2011-10-26,2011-11-03,2010-10-26,2010-11-03,2009-10-26,2009-11-01
"Luxembourg","LUX","summer holiday",2019-07-13,2019-09-15,2018-07-14,2018-09-15,2017-07-15,2017-09-15,2016-07-13,2016-09-15,2015-07-13,2015-09-13,2014-07-13,2014-09-14,2013-07-13,2013-09-15,2012-07-14,2012-09-15,2011-07-13,2011-09-15,2010-07-13,2010-09-15,2009-07-13,2009-09-13
"Macau","MAC","summer holiday",2019-06-29,2019-09-01,2018-06-30,2018-09-01,2017-07-01,2017-09-01,2016-06-29,2016-09-01,2015-06-29,2015-08-30,2014-06-29,2014-08-31,2013-06-29,2013-09-01,2012-06-30,2012-09-01,2011-06-29,2011-09-01,2010-06-29,2010-09-01,2009-06-29,2009-08-30
"Madagascar","MDG","break between school years/terms",2019-06-04,2019-09-01,2018-06-04,2018-09-01,2017-06-04,2017-09-01,2016-06-04,2016-09-01,2015-06-06,2015-08-30,2014-06-04,2014-08-31,2013-06-04,2013-09-01,2012-06-04,2012-09-01,2011-06-04,2011-09-01,2010-06-05,2010-09-01,2009-06-06,2009-08-30
"Mainland China","CHN","winter holiday",2019-01-26,2019-02-24,2018-01-27,2018-02-25,2017-01-21,2017-02-19,2016-01-23,2016-02-22,2015-01-31,2015-02-28,2014-01-19,2014-02-16,2013-01-26,2013-02-24,2012-01-14,2012-02-12,2011-01-22,2011-02-20,2010-01-23,2010-02-22,2009-01-26,2009-02-22
"Mainland China","CHN","summer holiday",2019-07-01,2019-08-31,2018-07-01,2018-08-31,2017-07-01,2017-08-31,2016-07-02,2016-08-31,2015-07-01,2015-08-30,2014-07-01,2014-08-31,2013-07-01,2013-08-31,2012-07-01,2012-08-31,2011-07-02,2011-08-31,2010-07-03,2010-08-29,2009-07-01,2009-08-30
"Malawi","MWI","winter holiday",2019-07-27,2019-09-15,2018-07-28,2018-09-15,2017-07-29,2017-09-15,2016-07-27,2016-09-15,2015-07-27,2015-09-13,2014-07-27,2014-09-14,2013-07-27,2013-09-15,2012-07-28,2012-09-15,2011-07-27,2011-09-15,2010-07-27,2010-09-15,2009-07-27,2009-09-13
"Malaysia","MYS","break between school years/terms",2019-11-23,2019-12-31,2018-11-24,2018-12-30,2017-11-25,2017-12-31,2016-11-23,2016-12-31,2015-11-23,2015-12-31,2014-11-23,2014-12-31,2013-11-23,2013-12-29,2012-11-24,2012-12-30,2011-11-23,2011-12-31,2010-11-23,2010-12-31,2009-11-23,2009-12-31
"Maldives","MDV","break between school years/terms",2019-11-24,2020-01-09,2018-11-24,2019-01-09,2017-11-25,2018-01-07,2016-11-26,2017-01-08,2015-11-24,2016-01-09,2014-11-24,2015-01-09,2013-11-24,2014-01-09,2012-11-24,2013-01-09,2011-11-26,2012-01-08,2010-11-24,2011-01-09,2009-11-24,2010-01-09
"Mali","MLI","summer holiday",2019-07-03,2019-09-03,2018-07-03,2018-09-02,2017-07-03,2017-09-03,2016-07-03,2016-09-03,2015-07-04,2015-09-03,2014-07-05,2014-09-03,2013-07-03,2013-09-01,2012-07-03,2012-09-02,2011-07-03,2011-09-03,2010-07-03,2010-09-03,2009-07-04,2009-09-03
"Malta","MLT","summer holiday",2019-06-29,2019-09-25,2018-06-30,2018-09-23,2017-07-01,2017-09-24,2016-06-29,2016-09-25,2015-06-29,2015-09-25,2014-06-29,2014-09-25,2013-06-29,2013-09-25,2012-06-30,2012-09-23,2011-06-29,2011-09-25,2010-06-29,2010-09-25,2009-06-29,2009-09-25
"Marshall Islands","MHL","summer holiday",2019-06-01,2019-08-07,2018-06-02,2018-08-05,2017-06-03,2017-08-06,2016-06-01,2016-08-07,2015-06-01,2015-08-07,2014-06-01,2014-08-07,2013-06-01,2013-08-07,2012-06-02,2012-08-05,2011-06-01,2011-08-07,2010-06-01,2010-08-07,2009-06-01,2009-08-07
"Martinique","MTQ","summer holiday",2019-07-06,2019-09-01,2018-07-07,2018-09-01,2017-07-08,2017-09-01,2016-07-06,2016-09-01,2015-07-06,2015-08-30,2014-07-06,2014-08-31,2013-07-06,2013-09-01,2012-07-07,2012-09-01,2011-07-06,2011-09-01,2010-07-06,2010-09-01,2009-07-06,2009-08-30
"Mauritania","MRT","summer holiday",2019-07-06,2019-09-01,2018-07-07,2018-09-01,2017-07-08,2017-09-01,2016-07-06,2016-09-01,2015-07-06,2015-08-30,2014-07-06,2014-08-31,2013-07-06,2013-09-01,2012-07-07,2012-09-01,2011-07-06,2011-09-01,2010-07-06,2010-09-01,2009-07-06,2009-08-30
"Mauritius","MUS","winter holiday",2019-07-20,2019-08-18,2018-07-21,2018-08-18,2017-07-22,2017-08-18,2016-07-20,2016-08-18,2015-07-20,2015-08-16,2014-07-20,2014-08-17,2013-07-20,2013-08-18,2012-07-21,2012-08-18,2011-07-20,2011-08-18,2010-07-20,2010-08-18,2009-07-20,2009-08-16
"Mauritius","MUS","break between school years/terms",2019-11-11,2020-01-11,2018-11-11,2019-01-11,2017-11-11,2018-01-11,2016-11-12,2017-01-11,2015-11-11,2016-01-10,2014-11-11,2015-01-11,2013-11-11,2014-01-11,2012-11-11,2013-01-11,2011-11-12,2012-01-11,2010-11-13,2011-01-09,2009-11-11,2010-01-10
"Mayotte","MYT","autumn holiday",2019-10-12,2019-10-27,2018-10-13,2018-10-27,2017-10-14,2017-10-27,2016-10-12,2016-10-27,2015-10-12,2015-10-25,2014-10-12,2014-10-26,2013-10-12,2013-10-27,2012-10-13,2012-10-27,2011-10-12,2011-10-27,2010-10-12,2010-10-27,2009-10-12,2009-10-25
"Mayotte","MYT","summer holiday",2019-07-06,2019-08-21,2018-07-07,2018-08-19,2017-07-08,2017-08-20,2016-07-06,2016-08-21,2015-07-06,2015-08-21,2014-07-06,2014-08-21,2013-07-06,2013-08-21,2012-07-07,2012-08-19,2011-07-06,2011-08-21,2010-07-06,2010-08-21,2009-07-06,2009-08-21
"Mexico","MEX","summer holiday",2019-07-06,2019-08-25,2018-07-07,2018-08-25,2017-07-08,2017-08-25,2016-07-06,2016-08-25,2015-07-06,2015-08-23,2014-07-06,2014-08-24,2013-07-06,2013-08-25,2012-07-07,2012-08-25,2011-07-06,2011-08-25,2010-07-06,2010-08-25,2009-07-06,2009-08-23
"Micronesia (Federated States of)","FSM","break between school years/terms",2019-06-01,2019-08-30,2018-06-02,2018-08-30,2017-06-03,2017-08-30,2016-06-01,2016-08-28,2015-06-01,2015-08-30,2014-06-01,2014-08-30,2013-06-01,2013-08-30,2012-06-02,2012-08-30,2011-06-01,2011-08-28,2010-06-01,2010-08-29,2009-06-01,2009-08-30
"Moldova (Republic of)","MDA","autumn holiday",2019-10-26,2019-11-03,2018-10-27,2018-11-03,2017-10-28,2017-11-03,2016-10-26,2016-11-03,2015-10-26,2015-11-01,2014-10-26,2014-11-02,2013-10-26,2013-11-03,2012-10-27,2012-11-03,2011-10-26,2011-11-03,2010-10-26,2010-11-03,2009-10-26,2009-11-01
"Moldova (Republic of)","MDA","summer holiday",2019-06-29,2019-09-01,2018-06-30,2018-09-01,2017-07-01,2017-09-01,2016-06-29,2016-09-01,2015-06-29,2015-08-30,2014-06-29,2014-08-31,2013-06-29,2013-09-01,2012-06-30,2012-09-01,2011-06-29,2011-09-01,2010-06-29,2010-09-01,2009-06-29,2009-08-30
"Monaco","MCO","summer holiday",2019-06-29,2019-09-08,2018-06-30,2018-09-08,2017-07-01,2017-09-08,2016-06-29,2016-09-08,2015-06-29,2015-09-06,2014-06-29,2014-09-07,2013-06-29,2013-09-08,2012-06-30,2012-09-08,2011-06-29,2011-09-08,2010-06-29,2010-09-08,2009-06-29,2009-09-06
"Monaco","MCO","autumn holiday",2019-10-26,2019-11-03,2018-10-27,2018-11-03,2017-10-28,2017-11-03,2016-10-26,2016-11-03,2015-10-26,2015-11-01,2014-10-26,2014-11-02,2013-10-26,2013-11-03,2012-10-27,2012-11-03,2011-10-26,2011-11-03,2010-10-26,2010-11-03,2009-10-26,2009-11-01
"Mongolia","MNG","summer holiday",2019-06-08,2019-09-01,2018-06-09,2018-09-01,2017-06-10,2017-09-01,2016-06-08,2016-09-01,2015-06-08,2015-08-30,2014-06-08,2014-08-31,2013-06-08,2013-09-01,2012-06-09,2012-09-01,2011-06-08,2011-09-01,2010-06-08,2010-09-01,2009-06-08,2009-08-30
"Mongolia","MNG","autumn holiday",2019-10-19,2019-10-27,2018-10-20,2018-10-27,2017-10-21,2017-10-27,2016-10-19,2016-10-27,2015-10-19,2015-10-25,2014-10-19,2014-10-26,2013-10-19,2013-10-27,2012-10-20,2012-10-27,2011-10-19,2011-10-27,2010-10-19,2010-10-27,2009-10-19,2009-10-25
"Montenegro","MNE","summer holiday",2019-06-12,2019-09-01,2018-06-12,2018-09-01,2017-06-12,2017-09-01,2016-06-12,2016-09-01,2015-06-13,2015-08-30,2014-06-14,2014-08-31,2013-06-12,2013-09-01,2012-06-12,2012-09-01,2011-06-12,2011-09-01,2010-06-12,2010-09-01,2009-06-13,2009-08-30
"Montserrat","MSR","break between school years/terms",2019-06-29,2019-09-01,2018-06-30,2018-09-01,2017-07-01,2017-09-01,2016-06-29,2016-09-01,2015-06-29,2015-08-30,2014-06-29,2014-08-31,2013-06-29,2013-09-01,2012-06-30,2012-09-01,2011-06-29,2011-09-01,2010-06-29,2010-09-01,2009-06-29,2009-08-30
"Morocco","MAR","autumn holiday",2019-10-19,2019-11-10,2018-10-20,2018-11-10,2017-10-21,2017-11-10,2016-10-19,2016-11-10,2015-10-19,2015-11-08,2014-10-19,2014-11-09,2013-10-19,2013-11-10,2012-10-20,2012-11-10,2011-10-19,2011-11-10,2010-10-19,2010-11-10,2009-10-19,2009-11-08
"Morocco","MAR","summer holiday",2019-07-06,2019-09-03,2018-07-07,2018-09-02,2017-07-08,2017-09-03,2016-07-06,2016-09-03,2015-07-06,2015-09-03,2014-07-06,2014-09-03,2013-07-06,2013-09-01,2012-07-07,2012-09-02,2011-07-06,2011-09-03,2010-07-06,2010-09-03,2009-07-06,2009-09-03
"Mozambique","MOZ","summer holiday",2019-11-18,2020-02-01,2018-11-18,2019-02-01,2017-11-18,2018-02-01,2016-11-19,2017-02-01,2015-11-18,2016-01-31,2014-11-18,2015-02-01,2013-11-18,2014-02-01,2012-11-18,2013-02-01,2011-11-19,2012-02-01,2010-11-20,2011-01-30,2009-11-18,2010-01-31
"Myanmar","MMR","break between school years/terms",2019-12-16,2020-01-05,2018-12-15,2019-01-06,2017-12-16,2018-01-05,2016-12-17,2017-01-05,2015-12-16,2016-01-03,2014-12-16,2015-01-04,2013-12-16,2014-01-05,2012-12-16,2013-01-05,2011-12-17,2012-01-05,2010-12-18,2011-01-05,2009-12-16,2010-01-03
"Myanmar","MMR","summer holiday",2019-06-22,2019-08-18,2018-06-23,2018-08-18,2017-06-24,2017-08-18,2016-06-22,2016-08-18,2015-06-22,2015-08-16,2014-06-22,2014-08-17,2013-06-22,2013-08-18,2012-06-23,2012-08-18,2011-06-22,2011-08-18,2010-06-22,2010-08-18,2009-06-22,2009-08-16
"Namibia","NAM","winter holiday",2019-08-10,2019-09-01,2018-08-11,2018-09-01,2017-08-12,2017-09-01,2016-08-10,2016-09-01,2015-08-10,2015-08-30,2014-08-10,2014-08-31,2013-08-10,2013-09-01,2012-08-11,2012-09-01,2011-08-10,2011-09-01,2010-08-10,2010-09-01,2009-08-10,2009-08-30
"Namibia","NAM","autumn holiday",2019-04-13,2019-05-12,2018-04-14,2018-05-12,2017-04-15,2017-05-12,2016-04-13,2016-05-12,2015-04-13,2015-05-10,2014-04-13,2014-05-11,2013-04-13,2013-05-12,2012-04-14,2012-05-12,2011-04-13,2011-05-12,2010-04-13,2010-05-12,2009-04-13,2009-05-10
"Namibia","NAM","summer holiday",2019-11-30,2020-01-14,2018-12-01,2019-01-13,2017-12-02,2018-01-14,2016-11-30,2017-01-14,2015-11-30,2016-01-14,2014-11-30,2015-01-14,2013-11-30,2014-01-12,2012-12-01,2013-01-13,2011-11-30,2012-01-14,2010-11-30,2011-01-14,2009-11-30,2010-01-14
"Nauru","NRU","break between school years/terms",2019-07-06,2019-07-28,2018-07-07,2018-07-28,2017-07-08,2017-07-28,2016-07-06,2016-07-28,2015-07-06,2015-07-26,2014-07-06,2014-07-27,2013-07-06,2013-07-28,2012-07-07,2012-07-28,2011-07-06,2011-07-28,2010-07-06,2010-07-28,2009-07-06,2009-07-26
"Nauru","NRU","break between school years/terms",2019-12-18,2020-01-21,2018-12-19,2019-01-20,2017-12-18,2018-01-21,2016-12-18,2017-01-21,2015-12-19,2016-01-21,2014-12-20,2015-01-21,2013-12-18,2014-01-19,2012-12-18,2013-01-20,2011-12-18,2012-01-21,2010-12-18,2011-01-21,2009-12-19,2010-01-21
"Nepal","NPL","break between school years/terms",2019-03-25,2019-04-17,2018-03-25,2018-04-15,2017-03-25,2017-04-16,2016-03-26,2016-04-17,2015-03-25,2015-04-17,2014-03-25,2014-04-17,2013-03-25,2013-04-17,2012-03-25,2012-04-15,2011-03-26,2011-04-17,2010-03-27,2010-04-17,2009-03-25,2009-04-17
"Netherlands","NLD","summer holiday",2019-07-13,2019-08-25,2018-07-14,2018-08-25,2017-07-15,2017-08-25,2016-07-13,2016-08-25,2015-07-13,2015-08-23,2014-07-13,2014-08-24,2013-07-13,2013-08-25,2012-07-14,2012-08-25,2011-07-13,2011-08-25,2010-07-13,2010-08-25,2009-07-13,2009-08-23
"Netherlands","NLD","autumn holiday",2019-10-19,2019-10-27,2018-10-20,2018-10-27,2017-10-21,2017-10-27,2016-10-19,2016-10-27,2015-10-19,2015-10-25,2014-10-19,2014-10-26,2013-10-19,2013-10-27,2012-10-20,2012-10-27,2011-10-19,2011-10-27,2010-10-19,2010-10-27,2009-10-19,2009-10-25
"New Caledonia","NCL","spring holiday",2019-04-06,2019-04-14,2018-04-07,2018-04-14,2017-04-08,2017-04-14,2016-04-06,2016-04-14,2015-04-06,2015-04-12,2014-04-06,2014-04-13,2013-04-06,2013-04-14,2012-04-07,2012-04-14,2011-04-06,2011-04-14,2010-04-06,2010-04-14,2009-04-06,2009-04-12
"New Caledonia","NCL","spring holiday",2019-10-12,2019-10-27,2018-10-13,2018-10-27,2017-10-14,2017-10-27,2016-10-12,2016-10-27,2015-10-12,2015-10-25,2014-10-12,2014-10-26,2013-10-12,2013-10-27,2012-10-13,2012-10-27,2011-10-12,2011-10-27,2010-10-12,2010-10-27,2009-10-12,2009-10-25
"New Caledonia","NCL","spring holiday",2019-06-08,2019-06-23,2018-06-09,2018-06-23,2017-06-10,2017-06-23,2016-06-08,2016-06-23,2015-06-08,2015-06-21,2014-06-08,2014-06-22,2013-06-08,2013-06-23,2012-06-09,2012-06-23,2011-06-08,2011-06-23,2010-06-08,2010-06-23,2009-06-08,2009-06-21
"New Caledonia","NCL","spring holiday",2019-08-10,2019-08-25,2018-08-11,2018-08-25,2017-08-12,2017-08-25,2016-08-10,2016-08-25,2015-08-10,2015-08-23,2014-08-10,2014-08-24,2013-08-10,2013-08-25,2012-08-11,2012-08-25,2011-08-10,2011-08-25,2010-08-10,2010-08-25,2009-08-10,2009-08-23
"New Caledonia","NCL","spring holiday",2019-10-12,2019-10-27,2018-10-13,2018-10-27,2017-10-14,2017-10-27,2016-10-12,2016-10-27,2015-10-12,2015-10-25,2014-10-12,2014-10-26,2013-10-12,2013-10-27,2012-10-13,2012-10-27,2011-10-12,2011-10-27,2010-10-12,2010-10-27,2009-10-12,2009-10-25
"New Zealand (Aotearoa)","NZL","spring holiday",2019-09-28,2019-10-13,2018-09-29,2018-10-13,2017-09-30,2017-10-13,2016-09-28,2016-10-13,2015-09-28,2015-10-11,2014-09-28,2014-10-12,2013-09-28,2013-10-13,2012-09-29,2012-10-13,2011-09-28,2011-10-13,2010-09-28,2010-10-13,2009-09-28,2009-10-11
"New Zealand (Aotearoa)","NZL","winter holiday",2019-07-06,2019-07-21,2018-07-07,2018-07-21,2017-07-08,2017-07-21,2016-07-06,2016-07-21,2015-07-06,2015-07-19,2014-07-06,2014-07-20,2013-07-06,2013-07-21,2012-07-07,2012-07-21,2011-07-06,2011-07-21,2010-07-06,2010-07-21,2009-07-06,2009-07-19
"New Zealand (Aotearoa)","NZL","autumn holiday",2019-04-13,2019-04-28,2018-04-14,2018-04-28,2017-04-15,2017-04-28,2016-04-13,2016-04-28,2015-04-13,2015-04-26,2014-04-13,2014-04-27,2013-04-13,2013-04-28,2012-04-14,2012-04-28,2011-04-13,2011-04-28,2010-04-13,2010-04-28,2009-04-13,2009-04-26
"New Zealand (Aotearoa)","NZL","summer holiday",2019-12-14,2020-02-01,2018-12-15,2019-02-01,2017-12-16,2018-02-01,2016-12-14,2017-02-01,2015-12-14,2016-01-31,2014-12-14,2015-02-01,2013-12-14,2014-02-01,2012-12-15,2013-02-01,2011-12-14,2012-02-01,2010-12-14,2011-01-30,2009-12-14,2010-01-31
"Nicaragua","NIC","summer holiday",2019-06-29,2019-07-14,2018-06-30,2018-07-14,2017-07-01,2017-07-14,2016-06-29,2016-07-14,2015-06-29,2015-07-12,2014-06-29,2014-07-13,2013-06-29,2013-07-14,2012-06-30,2012-07-14,2011-06-29,2011-07-14,2010-06-29,2010-07-14,2009-06-29,2009-07-12
"Nicaragua","NIC","break between school years/terms",2019-11-28,2020-02-02,2018-11-28,2019-02-02,2017-11-28,2018-02-02,2016-11-28,2017-02-02,2015-11-28,2016-01-31,2014-11-29,2015-02-01,2013-11-30,2014-02-02,2012-11-28,2013-02-02,2011-11-28,2012-02-02,2010-11-28,2011-02-02,2009-11-28,2010-01-31
"Niger","NER","summer holiday",2019-07-03,2019-09-03,2018-07-03,2018-09-02,2017-07-03,2017-09-03,2016-07-03,2016-09-03,2015-07-04,2015-09-03,2014-07-05,2014-09-03,2013-07-03,2013-09-01,2012-07-03,2012-09-02,2011-07-03,2011-09-03,2010-07-03,2010-09-03,2009-07-04,2009-09-03
"Nigeria","NGA","break between school years/terms",2019-12-17,2020-02-01,2018-12-17,2019-02-01,2017-12-17,2018-02-01,2016-12-17,2017-02-01,2015-12-19,2016-01-31,2014-12-17,2015-02-01,2013-12-17,2014-02-01,2012-12-17,2013-02-01,2011-12-17,2012-02-01,2010-12-18,2011-01-30,2009-12-19,2010-01-31
"Nigeria","NGA","break between school years/terms",2019-07-22,2019-09-13,2018-07-22,2018-09-13,2017-07-22,2017-09-13,2016-07-23,2016-09-11,2015-07-22,2015-09-13,2014-07-22,2014-09-13,2013-07-22,2013-09-13,2012-07-22,2012-09-13,2011-07-23,2011-09-11,2010-07-24,2010-09-12,2009-07-22,2009-09-13
"Niue","NIU","winter holiday",2019-07-20,2019-08-04,2018-07-21,2018-08-04,2017-07-22,2017-08-04,2016-07-20,2016-08-04,2015-07-20,2015-08-02,2014-07-20,2014-08-03,2013-07-20,2013-08-04,2012-07-21,2012-08-04,2011-07-20,2011-08-04,2010-07-20,2010-08-04,2009-07-20,2009-08-02
"Norfolk Island","NFK","spring holiday",2019-09-28,2019-10-13,2018-09-29,2018-10-13,2017-09-30,2017-10-13,2016-09-28,2016-10-13,2015-09-28,2015-10-11,2014-09-28,2014-10-12,2013-09-28,2013-10-13,2012-09-29,2012-10-13,2011-09-28,2011-10-13,2010-09-28,2010-10-13,2009-09-28,2009-10-11
"Norfolk Island","NFK","winter holiday",2019-07-06,2019-07-21,2018-07-07,2018-07-21,2017-07-08,2017-07-21,2016-07-06,2016-07-21,2015-07-06,2015-07-19,2014-07-06,2014-07-20,2013-07-06,2013-07-21,2012-07-07,2012-07-21,2011-07-06,2011-07-21,2010-07-06,2010-07-21,2009-07-06,2009-07-19
"North Korea (People's Rep.)","PRK","summer holiday",2019-07-24,2019-09-01,2018-07-24,2018-09-01,2017-07-24,2017-09-01,2016-07-24,2016-09-01,2015-07-25,2015-08-30,2014-07-26,2014-08-31,2013-07-24,2013-09-01,2012-07-24,2012-09-01,2011-07-24,2011-09-01,2010-07-24,2010-09-01,2009-07-25,2009-08-30
"North Macedonia (Rep. of)","MKD","summer holiday",2019-06-08,2019-09-01,2018-06-09,2018-09-01,2017-06-10,2017-09-01,2016-06-08,2016-09-01,2015-06-08,2015-08-30,2014-06-08,2014-08-31,2013-06-08,2013-09-01,2012-06-09,2012-09-01,2011-06-08,2011-09-01,2010-06-08,2010-09-01,2009-06-08,2009-08-30
"Northern Mariana Islands","MNP","break between school years/terms",2019-06-06,2019-08-15,2018-06-06,2018-08-15,2017-06-06,2017-08-13,2016-06-06,2016-08-14,2015-06-06,2015-08-15,2014-06-07,2014-08-15,2013-06-08,2013-08-15,2012-06-06,2012-08-15,2011-06-06,2011-08-14,2010-06-06,2010-08-15,2009-06-06,2009-08-15
"Norway","NOR","autumn holiday",2019-09-28,2019-10-11,2018-09-29,2018-10-11,2017-09-30,2017-10-11,2016-09-28,2016-10-09,2015-09-28,2015-10-11,2014-09-28,2014-10-11,2013-09-28,2013-10-11,2012-09-29,2012-10-11,2011-09-28,2011-10-09,2010-09-28,2010-10-10,2009-09-28,2009-10-11
"Norway","NOR","summer holiday",2019-06-20,2019-08-14,2018-06-20,2018-08-12,2017-06-20,2017-08-13,2016-06-20,2016-08-14,2015-06-20,2015-08-14,2014-06-21,2014-08-14,2013-06-22,2013-08-14,2012-06-20,2012-08-12,2011-06-20,2011-08-14,2010-06-20,2010-08-14,2009-06-20,2009-08-14
"Oman","OMN","summer holiday",2019-06-01,2019-08-25,2018-06-02,2018-08-25,2017-06-03,2017-08-25,2016-06-01,2016-08-25,2015-06-01,2015-08-23,2014-06-01,2014-08-24,2013-06-01,2013-08-25,2012-06-02,2012-08-25,2011-06-01,2011-08-25,2010-06-01,2010-08-25,2009-06-01,2009-08-23
"Pakistan","PAK","summer holiday",2019-06-01,2019-08-25,2018-06-02,2018-08-25,2017-06-03,2017-08-25,2016-06-01,2016-08-25,2015-06-01,2015-08-23,2014-06-01,2014-08-24,2013-06-01,2013-08-25,2012-06-02,2012-08-25,2011-06-01,2011-08-25,2010-06-01,2010-08-25,2009-06-01,2009-08-23
"Palau","PLW","summer holiday",2019-07-13,2019-08-11,2018-07-14,2018-08-11,2017-07-15,2017-08-11,2016-07-13,2016-08-11,2015-07-13,2015-08-09,2014-07-13,2014-08-10,2013-07-13,2013-08-11,2012-07-14,2012-08-11,2011-07-13,2011-08-11,2010-07-13,2010-08-11,2009-07-13,2009-08-09
"Palestinian ( Authority )","PSE","summer holiday",2019-06-04,2019-08-25,2018-06-04,2018-08-25,2017-06-04,2017-08-25,2016-06-04,2016-08-25,2015-06-06,2015-08-23,2014-06-04,2014-08-24,2013-06-04,2013-08-25,2012-06-04,2012-08-25,2011-06-04,2011-08-25,2010-06-05,2010-08-25,2009-06-06,2009-08-23
"Panama","PAN","break between school years/terms",2019-12-21,2020-03-08,2018-12-22,2019-03-08,2017-12-23,2018-03-08,2016-12-21,2017-03-08,2015-12-21,2016-03-06,2014-12-21,2015-03-08,2013-12-21,2014-03-08,2012-12-22,2013-03-08,2011-12-21,2012-03-08,2010-12-21,2011-03-06,2009-12-21,2010-03-07
"Papua-new-guinea","PNG","break between school years/terms",2019-12-16,2020-01-31,2018-12-16,2019-01-31,2017-12-16,2018-01-31,2016-12-17,2017-01-29,2015-12-16,2016-01-31,2014-12-16,2015-01-31,2013-12-16,2014-01-31,2012-12-16,2013-01-31,2011-12-17,2012-01-29,2010-12-18,2011-01-30,2009-12-16,2010-01-31
"Paraguay","PRY","winter holiday",2019-07-08,2019-07-19,2018-07-08,2018-07-19,2017-07-08,2017-07-19,2016-07-09,2016-07-17,2015-07-08,2015-07-19,2014-07-08,2014-07-19,2013-07-08,2013-07-19,2012-07-08,2012-07-19,2011-07-09,2011-07-17,2010-07-10,2010-07-18,2009-07-08,2009-07-19
"Paraguay","PRY","summer holiday",2019-11-30,2020-02-14,2018-12-01,2019-02-14,2017-12-02,2018-02-14,2016-11-30,2017-02-12,2015-11-30,2016-02-14,2014-11-30,2015-02-14,2013-11-30,2014-02-14,2012-12-01,2013-02-14,2011-11-30,2012-02-12,2010-11-30,2011-02-13,2009-11-30,2010-02-14
"Peru","PER","winter holiday",2019-06-30,2019-07-31,2018-06-30,2018-07-29,2017-07-01,2017-07-30,2016-07-02,2016-07-31,2015-06-30,2015-07-31,2014-06-30,2014-07-31,2013-06-30,2013-07-31,2012-06-30,2012-07-29,2011-07-02,2011-07-31,2010-06-30,2010-07-31,2009-06-30,2009-07-31
"Peru","PER","summer holiday",2019-12-21,2020-02-14,2018-12-22,2019-02-14,2017-12-23,2018-02-14,2016-12-21,2017-02-12,2015-12-21,2016-02-14,2014-12-21,2015-02-14,2013-12-21,2014-02-14,2012-12-22,2013-02-14,2011-12-21,2012-02-12,2010-12-21,2011-02-13,2009-12-21,2010-02-14
"Philippines","PHL","break between school years/terms",2019-12-15,2020-01-03,2018-12-15,2019-01-03,2017-12-16,2018-01-03,2016-12-17,2017-01-01,2015-12-15,2016-01-03,2014-12-15,2015-01-03,2013-12-15,2014-01-03,2012-12-15,2013-01-03,2011-12-17,2012-01-01,2010-12-15,2011-01-02,2009-12-15,2010-01-03
"Philippines","PHL","break between school years/terms",2019-04-01,2019-06-02,2018-04-01,2018-06-02,2017-04-01,2017-06-02,2016-04-02,2016-06-02,2015-04-01,2015-05-31,2014-04-01,2014-06-01,2013-04-01,2013-06-02,2012-04-01,2012-06-02,2011-04-02,2011-06-02,2010-04-03,2010-06-02,2009-04-01,2009-05-31
"Poland","POL","summer holiday",2019-06-19,2019-09-03,2018-06-19,2018-09-02,2017-06-19,2017-09-03,2016-06-19,2016-09-03,2015-06-20,2015-09-03,2014-06-21,2014-09-03,2013-06-19,2013-09-01,2012-06-19,2012-09-02,2011-06-19,2011-09-03,2010-06-19,2010-09-03,2009-06-20,2009-09-03
"Portugal","PRT","summer holiday",2019-06-10,2019-09-15,2018-06-10,2018-09-15,2017-06-10,2017-09-15,2016-06-11,2016-09-15,2015-06-10,2015-09-13,2014-06-10,2014-09-14,2013-06-10,2013-09-15,2012-06-10,2012-09-15,2011-06-11,2011-09-15,2010-06-12,2010-09-15,2009-06-10,2009-09-13
"Puerto Rico","PRI","summer holiday",2019-06-08,2019-08-11,2018-06-09,2018-08-11,2017-06-10,2017-08-11,2016-06-08,2016-08-11,2015-06-08,2015-08-09,2014-06-08,2014-08-10,2013-06-08,2013-08-11,2012-06-09,2012-08-11,2011-06-08,2011-08-11,2010-06-08,2010-08-11,2009-06-08,2009-08-09
"Qatar","QAT","summer holiday",2019-07-07,2019-09-08,2018-07-07,2018-09-08,2017-07-08,2017-09-08,2016-07-09,2016-09-08,2015-07-07,2015-09-06,2014-07-07,2014-09-07,2013-07-07,2013-09-08,2012-07-07,2012-09-08,2011-07-09,2011-09-08,2010-07-07,2010-09-08,2009-07-07,2009-09-06
"Romania","ROU","summer holiday",2019-06-15,2019-09-08,2018-06-16,2018-09-08,2017-06-17,2017-09-08,2016-06-15,2016-09-08,2015-06-15,2015-09-06,2014-06-15,2014-09-07,2013-06-15,2013-09-08,2012-06-16,2012-09-08,2011-06-15,2011-09-08,2010-06-15,2010-09-08,2009-06-15,2009-09-06
"Russia","RUS","summer holiday",2019-06-01,2019-09-03,2018-06-02,2018-09-02,2017-06-03,2017-09-03,2016-06-01,2016-09-03,2015-06-01,2015-09-03,2014-06-01,2014-09-03,2013-06-01,2013-09-01,2012-06-02,2012-09-02,2011-06-01,2011-09-03,2010-06-01,2010-09-03,2009-06-01,2009-09-03
"Russia","RUS","autumn holiday",2019-11-02,2019-11-10,2018-11-03,2018-11-10,2017-11-04,2017-11-10,2016-11-02,2016-11-10,2015-11-02,2015-11-08,2014-11-02,2014-11-09,2013-11-02,2013-11-10,2012-11-03,2012-11-10,2011-11-02,2011-11-10,2010-11-02,2010-11-10,2009-11-02,2009-11-08
"Rwanda","RWA","summer holiday",2019-07-20,2019-08-11,2018-07-21,2018-08-11,2017-07-22,2017-08-11,2016-07-20,2016-08-11,2015-07-20,2015-08-09,2014-07-20,2014-08-10,2013-07-20,2013-08-11,2012-07-21,2012-08-11,2011-07-20,2011-08-11,2010-07-20,2010-08-11,2009-07-20,2009-08-09
"Rwanda","RWA","winter holiday",2019-11-09,2020-01-14,2018-11-10,2019-01-13,2017-11-11,2018-01-14,2016-11-09,2017-01-14,2015-11-09,2016-01-14,2014-11-09,2015-01-14,2013-11-09,2014-01-12,2012-11-10,2013-01-13,2011-11-09,2012-01-14,2010-11-09,2011-01-14,2009-11-09,2010-01-14
"Saint Kitts & Nevis","KNA","summer holiday",2019-07-13,2019-09-01,2018-07-14,2018-09-01,2017-07-15,2017-09-01,2016-07-13,2016-09-01,2015-07-13,2015-08-30,2014-07-13,2014-08-31,2013-07-13,2013-09-01,2012-07-14,2012-09-01,2011-07-13,2011-09-01,2010-07-13,2010-09-01,2009-07-13,2009-08-30
"Saint Lucia","LCA","summer holiday",2019-06-19,2019-09-01,2018-06-19,2018-09-01,2017-06-19,2017-09-01,2016-06-19,2016-09-01,2015-06-20,2015-08-30,2014-06-21,2014-08-31,2013-06-19,2013-09-01,2012-06-19,2012-09-01,2011-06-19,2011-09-01,2010-06-19,2010-09-01,2009-06-20,2009-08-30
"Saint Pierre & Miquelon","SPM","summer holiday",2019-07-03,2019-09-05,2018-07-03,2018-09-05,2017-07-03,2017-09-03,2016-07-03,2016-09-04,2015-07-04,2015-09-05,2014-07-05,2014-09-05,2013-07-03,2013-09-05,2012-07-03,2012-09-05,2011-07-03,2011-09-04,2010-07-03,2010-09-05,2009-07-04,2009-09-05
"Saint Pierre & Miquelon","SPM","autumn holiday",2019-10-26,2019-11-06,2018-10-27,2018-11-04,2017-10-28,2017-11-05,2016-10-26,2016-11-06,2015-10-26,2015-11-06,2014-10-26,2014-11-06,2013-10-26,2013-11-06,2012-10-27,2012-11-04,2011-10-26,2011-11-06,2010-10-26,2010-11-06,2009-10-26,2009-11-06
"Samoa","WSM","break between school years/terms",2019-12-14,2020-01-26,2018-12-15,2019-01-26,2017-12-16,2018-01-26,2016-12-14,2017-01-26,2015-12-14,2016-01-24,2014-12-14,2015-01-25,2013-12-14,2014-01-26,2012-12-15,2013-01-26,2011-12-14,2012-01-26,2010-12-14,2011-01-26,2009-12-14,2010-01-24
"Samoa","WSM","break between school years/terms",2019-06-29,2019-07-21,2018-06-30,2018-07-21,2017-07-01,2017-07-21,2016-06-29,2016-07-21,2015-06-29,2015-07-19,2014-06-29,2014-07-20,2013-06-29,2013-07-21,2012-06-30,2012-07-21,2011-06-29,2011-07-21,2010-06-29,2010-07-21,2009-06-29,2009-07-19
"SaoTom? and Principe","STP","summer holiday",2019-06-22,2019-09-08,2018-06-23,2018-09-08,2017-06-24,2017-09-08,2016-06-22,2016-09-08,2015-06-22,2015-09-06,2014-06-22,2014-09-07,2013-06-22,2013-09-08,2012-06-23,2012-09-08,2011-06-22,2011-09-08,2010-06-22,2010-09-08,2009-06-22,2009-09-06
"Saudi Arabia","SAU","summer holiday",2019-06-20,2019-09-01,2018-06-20,2018-09-01,2017-06-20,2017-09-01,2016-06-20,2016-09-01,2015-06-20,2015-08-30,2014-06-21,2014-08-31,2013-06-22,2013-09-01,2012-06-20,2012-09-01,2011-06-20,2011-09-01,2010-06-20,2010-09-01,2009-06-20,2009-08-30
"Senegal","SEN","summer holiday",2019-07-06,2019-10-02,2018-07-07,2018-09-30,2017-07-08,2017-10-01,2016-07-06,2016-10-02,2015-07-06,2015-10-02,2014-07-06,2014-10-02,2013-07-06,2013-10-02,2012-07-07,2012-09-30,2011-07-06,2011-10-02,2010-07-06,2010-10-02,2009-07-06,2009-10-02
"Serbia","SRB","summer holiday",2019-06-15,2019-09-01,2018-06-16,2018-09-01,2017-06-17,2017-09-01,2016-06-15,2016-09-01,2015-06-15,2015-08-30,2014-06-15,2014-08-31,2013-06-15,2013-09-01,2012-06-16,2012-09-01,2011-06-15,2011-09-01,2010-06-15,2010-09-01,2009-06-15,2009-08-30
"Seychelles","SYC","summer holiday",2019-08-10,2019-09-08,2018-08-11,2018-09-08,2017-08-12,2017-09-08,2016-08-10,2016-09-08,2015-08-10,2015-09-06,2014-08-10,2014-09-07,2013-08-10,2013-09-08,2012-08-11,2012-09-08,2011-08-10,2011-09-08,2010-08-10,2010-09-08,2009-08-10,2009-09-06
"Sierra Leone","SLE","summer holiday",2019-06-13,2019-08-27,2018-06-13,2018-08-26,2017-06-13,2017-08-27,2016-06-13,2016-08-27,2015-06-13,2015-08-27,2014-06-14,2014-08-27,2013-06-15,2013-08-25,2012-06-13,2012-08-26,2011-06-13,2011-08-27,2010-06-13,2010-08-27,2009-06-13,2009-08-27
"Singapore","SGP","summer holiday",2019-06-01,2019-06-30,2018-06-02,2018-06-30,2017-06-03,2017-06-30,2016-06-01,2016-06-30,2015-06-01,2015-06-28,2014-06-01,2014-06-29,2013-06-01,2013-06-30,2012-06-02,2012-06-30,2011-06-01,2011-06-30,2010-06-01,2010-06-30,2009-06-01,2009-06-28
"Singapore","SGP","break between school years/terms",2019-11-16,2020-01-01,2018-11-17,2018-12-30,2017-11-18,2017-12-31,2016-11-16,2017-01-01,2015-11-16,2016-01-01,2014-11-16,2015-01-01,2013-11-16,2014-01-01,2012-11-17,2012-12-30,2011-11-16,2012-01-01,2010-11-16,2011-01-01,2009-11-16,2010-01-01
"Slovakia","SVK","summer holiday",2019-06-29,2019-09-01,2018-06-30,2018-09-01,2017-07-01,2017-09-01,2016-06-29,2016-09-01,2015-06-29,2015-08-30,2014-06-29,2014-08-31,2013-06-29,2013-09-01,2012-06-30,2012-09-01,2011-06-29,2011-09-01,2010-06-29,2010-09-01,2009-06-29,2009-08-30
"Slovenia","SVN","summer holiday",2019-06-25,2019-09-01,2018-06-25,2018-09-01,2017-06-25,2017-09-01,2016-06-25,2016-09-01,2015-06-27,2015-08-30,2014-06-25,2014-08-31,2013-06-25,2013-09-01,2012-06-25,2012-09-01,2011-06-25,2011-09-01,2010-06-26,2010-09-01,2009-06-27,2009-08-30
"Solomon Islands","SLB","break between school years/terms",2019-06-22,2019-07-21,2018-06-23,2018-07-21,2017-06-24,2017-07-21,2016-06-22,2016-07-21,2015-06-22,2015-07-19,2014-06-22,2014-07-20,2013-06-22,2013-07-21,2012-06-23,2012-07-21,2011-06-22,2011-07-21,2010-06-22,2010-07-21,2009-06-22,2009-07-19
"Solomon Islands","SLB","break between school years/terms",2019-12-14,2020-01-31,2018-12-22,2019-01-27,2017-12-16,2018-01-31,2016-12-14,2017-01-29,2015-12-14,2016-01-31,2014-12-14,2015-01-31,2013-12-14,2014-01-31,2012-12-15,2013-01-31,2011-12-14,2012-01-29,2010-12-14,2011-01-30,2009-12-14,2010-01-31
"Somalia","SOM","break between school years/terms",2019-06-01,2019-08-31,2018-06-02,2018-08-31,2017-06-03,2017-08-31,2016-06-01,2016-08-31,2015-06-01,2015-08-30,2014-06-01,2014-08-31,2013-06-01,2013-08-31,2012-06-02,2012-08-31,2011-06-01,2011-08-31,2010-06-01,2010-08-29,2009-06-01,2009-08-30
"South Africa","ZAF","break between school years/terms",2019-09-23,2019-09-29,2018-09-23,2018-09-29,2017-09-23,2017-09-29,2016-09-24,2016-09-29,2015-09-23,2015-09-27,2014-09-23,2014-09-28,2013-09-23,2013-09-29,2012-09-23,2012-09-29,2011-09-24,2011-09-29,2010-09-25,2010-09-29,2009-09-23,2009-09-27
"South Africa","ZAF","break between school years/terms",2019-03-18,2019-03-31,2018-03-18,2018-03-31,2017-03-18,2017-03-31,2016-03-19,2016-03-31,2015-03-18,2015-03-29,2014-03-18,2014-03-30,2013-03-18,2013-03-31,2012-03-18,2012-03-31,2011-03-19,2011-03-31,2010-03-20,2010-03-31,2009-03-18,2009-03-29
"South Africa","ZAF","break between school years/terms",2019-06-17,2019-07-07,2018-06-17,2018-07-07,2017-06-17,2017-07-07,2016-06-18,2016-07-07,2015-06-17,2015-07-05,2014-06-17,2014-07-06,2013-06-17,2013-07-07,2012-06-17,2012-07-07,2011-06-18,2011-07-07,2010-06-19,2010-07-07,2009-06-17,2009-07-05
"South Africa","ZAF","break between school years/terms",2019-12-05,2020-01-07,2018-12-05,2019-01-06,2017-12-05,2018-01-07,2016-12-05,2017-01-07,2015-12-05,2016-01-07,2014-12-06,2015-01-07,2013-12-07,2014-01-05,2012-12-05,2013-01-06,2011-12-05,2012-01-07,2010-12-05,2011-01-07,2009-12-05,2010-01-07
"South Korea (Republic of)","KOR","summer holiday",2019-07-24,2019-09-01,2018-07-24,2018-09-01,2017-07-24,2017-09-01,2016-07-24,2016-09-01,2015-07-25,2015-08-30,2014-07-26,2014-08-31,2013-07-24,2013-09-01,2012-07-24,2012-09-01,2011-07-24,2011-09-01,2010-07-24,2010-09-01,2009-07-25,2009-08-30
"South Korea (Republic of)","KOR","winter holiday",2019-12-15,2020-01-31,2018-12-15,2019-01-31,2017-12-16,2018-01-31,2016-12-17,2017-01-29,2015-12-15,2016-01-31,2014-12-15,2015-01-31,2013-12-15,2014-01-31,2012-12-15,2013-01-31,2011-12-17,2012-01-29,2010-12-15,2011-01-30,2009-12-15,2010-01-31
"South Sudan","SSD","break between school years/terms",2019-12-21,2020-01-31,2018-12-22,2019-01-31,2017-12-23,2018-01-31,2016-12-21,2017-01-29,2015-12-21,2016-01-31,2014-12-21,2015-01-31,2013-12-21,2014-01-31,2012-12-22,2013-01-31,2011-12-21,2012-01-29,2010-12-21,2011-01-30,2009-12-21,2010-01-31
"Spain","ESP","summer holiday",2019-06-22,2019-09-10,2018-06-23,2018-09-09,2017-06-24,2017-09-10,2016-06-22,2016-09-10,2015-06-22,2015-09-10,2014-06-22,2014-09-10,2013-06-22,2013-09-08,2012-06-23,2012-09-09,2011-06-22,2011-09-10,2010-06-22,2010-09-10,2009-06-22,2009-09-10
"Sri Lanka","LKA","break between school years/terms",2019-12-21,2020-01-08,2018-12-22,2019-01-06,2017-12-23,2018-01-07,2016-12-21,2017-01-08,2015-12-21,2016-01-08,2014-12-21,2015-01-08,2013-12-21,2014-01-08,2012-12-22,2013-01-06,2011-12-21,2012-01-08,2010-12-21,2011-01-08,2009-12-21,2010-01-08
"Sri Lanka","LKA","break between school years/terms",2019-04-06,2019-05-05,2018-04-07,2018-05-05,2017-04-08,2017-05-05,2016-04-06,2016-05-05,2015-04-06,2015-05-03,2014-04-06,2014-05-04,2013-04-06,2013-05-05,2012-04-07,2012-05-05,2011-04-06,2011-05-05,2010-04-06,2010-05-05,2009-04-06,2009-05-03
"Sri Lanka","LKA","summer holiday",2019-07-27,2019-09-01,2018-07-28,2018-09-01,2017-07-29,2017-09-01,2016-07-27,2016-09-01,2015-07-27,2015-08-30,2014-07-27,2014-08-31,2013-07-27,2013-09-01,2012-07-28,2012-09-01,2011-07-27,2011-09-01,2010-07-27,2010-09-01,2009-07-27,2009-08-30
"St Barthelemy","BLM","summer holiday",2019-07-06,2019-09-01,2018-07-07,2018-09-01,2017-07-08,2017-09-01,2016-07-06,2016-09-01,2015-07-06,2015-08-30,2014-07-06,2014-08-31,2013-07-06,2013-09-01,2012-07-07,2012-09-01,2011-07-06,2011-09-01,2010-07-06,2010-09-01,2009-07-06,2009-08-30
"St Maarten (Dutch)","SXM","break between school years/terms",2019-05-07,2019-06-06,2018-05-07,2018-06-06,2017-05-07,2017-06-04,2016-05-07,2016-06-05,2015-05-09,2015-06-06,2014-05-07,2014-06-06,2013-05-07,2013-06-06,2012-05-07,2012-06-06,2011-05-07,2011-06-05,2010-05-08,2010-06-06,2009-05-09,2009-06-06
"St Maarten (Dutch)","SXM","summer holiday",2019-07-13,2019-08-25,2018-07-14,2018-08-25,2017-07-15,2017-08-25,2016-07-13,2016-08-25,2015-07-13,2015-08-23,2014-07-13,2014-08-24,2013-07-13,2013-08-25,2012-07-14,2012-08-25,2011-07-13,2011-08-25,2010-07-13,2010-08-25,2009-07-13,2009-08-23
"St Maarten (Dutch)","SXM","autumn holiday",2019-10-19,2019-10-27,2018-10-20,2018-10-27,2017-10-21,2017-10-27,2016-10-19,2016-10-27,2015-10-19,2015-10-25,2014-10-19,2014-10-26,2013-10-19,2013-10-27,2012-10-20,2012-10-27,2011-10-19,2011-10-27,2010-10-19,2010-10-27,2009-10-19,2009-10-25
"Sudan","SDN","break between school years/terms",2019-07-18,2019-09-01,2018-07-18,2018-09-01,2017-07-18,2017-09-01,2016-07-18,2016-09-01,2015-07-18,2015-08-30,2014-07-19,2014-08-31,2013-07-20,2013-09-01,2012-07-18,2012-09-01,2011-07-18,2011-09-01,2010-07-18,2010-09-01,2009-07-18,2009-08-30
"Sudan","SDN","break between school years/terms",2019-12-19,2020-01-12,2018-12-19,2019-01-12,2017-12-19,2018-01-12,2016-12-19,2017-01-12,2015-12-19,2016-01-10,2014-12-20,2015-01-11,2013-12-21,2014-01-12,2012-12-19,2013-01-12,2011-12-19,2012-01-12,2010-12-19,2011-01-12,2009-12-19,2010-01-10
"Suriname","SUR","summer holiday",2019-06-08,2019-08-18,2018-06-09,2018-08-18,2017-06-10,2017-08-18,2016-06-08,2016-08-18,2015-06-08,2015-08-16,2014-06-08,2014-08-17,2013-06-08,2013-08-18,2012-06-09,2012-08-18,2011-06-08,2011-08-18,2010-06-08,2010-08-18,2009-06-08,2009-08-16
"Swaziland","SWZ","break between school years/terms",2019-04-13,2019-05-05,2018-04-14,2018-05-05,2017-04-15,2017-05-05,2016-04-13,2016-05-05,2015-04-13,2015-05-03,2014-04-13,2014-05-04,2013-04-13,2013-05-05,2012-04-14,2012-05-05,2011-04-13,2011-05-05,2010-04-13,2010-05-05,2009-04-13,2009-05-03
"Swaziland","SWZ","winter holiday",2019-08-10,2019-09-10,2018-08-11,2018-09-09,2017-08-12,2017-09-10,2016-08-10,2016-09-10,2015-08-10,2015-09-10,2014-08-10,2014-09-10,2013-08-10,2013-09-08,2012-08-11,2012-09-09,2011-08-10,2011-09-10,2010-08-10,2010-09-10,2009-08-10,2009-09-10
"Swaziland","SWZ","winter holiday",2019-12-07,2020-01-15,2018-12-08,2019-01-13,2017-12-09,2018-01-14,2016-12-07,2017-01-15,2015-12-07,2016-01-15,2014-12-07,2015-01-15,2013-12-07,2014-01-15,2012-12-08,2013-01-13,2011-12-07,2012-01-15,2010-12-07,2011-01-15,2009-12-07,2010-01-15
"Sweden","SWE","summer holiday",2019-06-08,2019-08-18,2018-06-09,2018-08-18,2017-06-10,2017-08-18,2016-06-08,2016-08-18,2015-06-08,2015-08-16,2014-06-08,2014-08-17,2013-06-08,2013-08-18,2012-06-09,2012-08-18,2011-06-08,2011-08-18,2010-06-08,2010-08-18,2009-06-08,2009-08-16
"Sweden","SWE","autumn holiday",2019-10-30,2019-11-03,2018-10-30,2018-11-03,2017-10-30,2017-11-03,2016-10-30,2016-11-03,2015-10-31,2015-11-01,2014-11-01,2014-11-02,2013-10-30,2013-11-03,2012-10-30,2012-11-03,2011-10-30,2011-11-03,2010-10-30,2010-11-03,2009-10-31,2009-11-01
"Switzerland","CHE","autumn holiday",2019-09-28,2019-10-20,2018-09-29,2018-10-20,2017-09-30,2017-10-20,2016-09-28,2016-10-20,2015-09-28,2015-10-18,2014-09-28,2014-10-19,2013-09-28,2013-10-20,2012-09-29,2012-10-20,2011-09-28,2011-10-20,2010-09-28,2010-10-20,2009-09-28,2009-10-18
"Switzerland","CHE","summer holiday",2019-07-06,2019-08-18,2018-07-07,2018-08-18,2017-07-08,2017-08-18,2016-07-06,2016-08-18,2015-07-06,2015-08-16,2014-07-06,2014-08-17,2013-07-06,2013-08-18,2012-07-07,2012-08-18,2011-07-06,2011-08-18,2010-07-06,2010-08-18,2009-07-06,2009-08-16
"Syrian Arab Republic","SYR","summer holiday",2019-07-11,2019-09-01,2018-07-11,2018-09-01,2017-07-11,2017-09-01,2016-07-11,2016-09-01,2015-07-11,2015-08-30,2014-07-12,2014-08-31,2013-07-13,2013-09-01,2012-07-11,2012-09-01,2011-07-11,2011-09-01,2010-07-11,2010-09-01,2009-07-11,2009-08-30
"Taiwan","TWN","winter holiday",2019-01-21,2019-02-10,2018-01-21,2018-02-10,2017-01-21,2017-02-10,2016-01-23,2016-02-10,2015-01-21,2015-02-08,2014-01-21,2014-02-09,2013-01-21,2013-02-10,2012-01-21,2012-02-10,2011-01-22,2011-02-10,2010-01-23,2010-02-10,2009-01-21,2009-02-08
"Taiwan","TWN","summer holiday",2019-07-01,2019-08-29,2018-07-01,2018-08-29,2017-07-01,2017-08-27,2016-07-02,2016-08-28,2015-07-01,2015-08-29,2014-07-01,2014-08-29,2013-07-01,2013-08-29,2012-07-01,2012-08-29,2011-07-02,2011-08-28,2010-07-03,2010-08-29,2009-07-01,2009-08-29
"Tajikistan","TJK","summer holiday",2019-06-15,2019-09-01,2018-06-16,2018-09-01,2017-06-17,2017-09-01,2016-06-15,2016-09-01,2015-06-15,2015-08-30,2014-06-15,2014-08-31,2013-06-15,2013-09-01,2012-06-16,2012-09-01,2011-06-15,2011-09-01,2010-06-15,2010-09-01,2009-06-15,2009-08-30
"Tanzania (United Republic of)","TZA","summer holiday",2019-06-15,2019-08-15,2018-06-16,2018-08-15,2017-06-17,2017-08-13,2016-06-15,2016-08-14,2015-06-15,2015-08-15,2014-06-15,2014-08-15,2013-06-15,2013-08-15,2012-06-16,2012-08-15,2011-06-15,2011-08-14,2010-06-15,2010-08-15,2009-06-15,2009-08-15
"Thailand","THA","break between school years/terms",2019-10-01,2019-10-31,2018-10-01,2018-10-31,2017-10-01,2017-10-29,2016-10-01,2016-10-30,2015-10-03,2015-10-31,2014-10-01,2014-10-31,2013-10-01,2013-10-31,2012-10-01,2012-10-31,2011-10-01,2011-10-30,2010-10-02,2010-10-31,2009-10-03,2009-10-31
"Thailand","THA","break between school years/terms",2019-03-02,2019-04-30,2018-03-03,2018-04-29,2017-03-04,2017-04-30,2016-03-02,2016-04-30,2015-03-02,2015-04-30,2014-03-02,2014-04-30,2013-03-02,2013-04-28,2012-03-03,2012-04-29,2011-03-02,2011-04-30,2010-03-02,2010-04-30,2009-03-02,2009-04-30
"Timor-Leste","TLS","break between school years/terms",2019-12-21,2020-01-11,2018-12-22,2019-01-11,2017-12-23,2018-01-11,2016-12-21,2017-01-11,2015-12-21,2016-01-10,2014-12-21,2015-01-11,2013-12-21,2014-01-11,2012-12-22,2013-01-11,2011-12-21,2012-01-11,2010-12-21,2011-01-09,2009-12-21,2010-01-10
"Togo","TGO","summer holiday",2019-07-06,2019-09-15,2018-07-07,2018-09-15,2017-07-08,2017-09-15,2016-07-06,2016-09-15,2015-07-06,2015-09-13,2014-07-06,2014-09-14,2013-07-06,2013-09-15,2012-07-07,2012-09-15,2011-07-06,2011-09-15,2010-07-06,2010-09-15,2009-07-06,2009-09-13
"Tokelau","TKL","break between school years/terms",2019-06-08,2019-09-01,2018-06-09,2018-09-01,2017-06-10,2017-09-01,2016-06-08,2016-09-01,2015-06-08,2015-08-30,2014-06-08,2014-08-31,2013-06-08,2013-09-01,2012-06-09,2012-09-01,2011-06-08,2011-09-01,2010-06-08,2010-09-01,2009-06-08,2009-08-30
"Tonga","TON","break between school years/terms",2019-12-07,2020-01-19,2018-12-09,2019-01-20,2017-12-09,2018-01-19,2016-12-07,2017-01-19,2015-12-07,2016-01-17,2014-12-07,2015-01-18,2013-12-07,2014-01-19,2012-12-08,2013-01-19,2011-12-07,2012-01-19,2010-12-07,2011-01-19,2009-12-07,2010-01-17
"Trinidad and Tobago","TTO","summer holiday",2019-07-06,2019-09-01,2018-07-07,2018-09-01,2017-07-08,2017-09-01,2016-07-06,2016-09-01,2015-07-06,2015-08-30,2014-07-06,2014-08-31,2013-07-06,2013-09-01,2012-07-07,2012-09-01,2011-07-06,2011-09-01,2010-07-06,2010-09-01,2009-07-06,2009-08-30
"Tunisia","TUN","summer holiday",2019-06-29,2019-09-17,2018-06-30,2018-09-16,2017-07-01,2017-09-17,2016-06-29,2016-09-17,2015-06-29,2015-09-17,2014-06-29,2014-09-17,2013-06-29,2013-09-15,2012-06-30,2012-09-16,2011-06-29,2011-09-17,2010-06-29,2010-09-17,2009-06-29,2009-09-17
"Turkey","TUR","summer holiday",2019-06-15,2019-09-15,2018-06-16,2018-09-15,2017-06-17,2017-09-15,2016-06-15,2016-09-15,2015-06-15,2015-09-13,2014-06-15,2014-09-14,2013-06-15,2013-09-15,2012-06-16,2012-09-15,2011-06-15,2011-09-15,2010-06-15,2010-09-15,2009-06-15,2009-09-13
"Turkmenistan","TKM","break between school years/terms",2019-06-22,2019-09-08,2018-06-23,2018-09-08,2017-06-24,2017-09-08,2016-06-22,2016-09-08,2015-06-22,2015-09-06,2014-06-22,2014-09-07,2013-06-22,2013-09-08,2012-06-23,2012-09-08,2011-06-22,2011-09-08,2010-06-22,2010-09-08,2009-06-22,2009-09-06
"Turkmenistan","TKM","autumn holiday",2019-11-16,2019-11-24,2018-11-17,2018-11-24,2017-11-18,2017-11-24,2016-11-16,2016-11-24,2015-11-16,2015-11-22,2014-11-16,2014-11-23,2013-11-16,2013-11-24,2012-11-17,2012-11-24,2011-11-16,2011-11-24,2010-11-16,2010-11-24,2009-11-16,2009-11-22
"Turks & Caicos (Islands)","TCA","summer holiday",2019-06-29,2019-09-05,2018-06-30,2018-09-05,2017-07-01,2017-09-03,2016-06-29,2016-09-04,2015-06-29,2015-09-05,2014-06-29,2014-09-05,2013-06-29,2013-09-05,2012-06-30,2012-09-05,2011-06-29,2011-09-04,2010-06-29,2010-09-05,2009-06-29,2009-09-05
"Uganda","UGA","break between school years/terms",2019-05-04,2019-05-26,2018-05-05,2018-05-26,2017-05-06,2017-05-26,2016-05-04,2016-05-26,2015-05-04,2015-05-24,2014-05-04,2014-05-25,2013-05-04,2013-05-26,2012-05-05,2012-05-26,2011-05-04,2011-05-26,2010-05-04,2010-05-26,2009-05-04,2009-05-24
"Uganda","UGA","summer holiday",2019-08-24,2019-09-15,2018-08-25,2018-09-15,2017-08-26,2017-09-15,2016-08-24,2016-09-15,2015-08-24,2015-09-13,2014-08-24,2014-09-14,2013-08-24,2013-09-15,2012-08-25,2012-09-15,2011-08-24,2011-09-15,2010-08-24,2010-09-15,2009-08-24,2009-09-13
"Uganda","UGA","break between school years/terms",2019-11-30,2020-02-02,2018-12-01,2019-02-02,2017-12-02,2018-02-02,2016-11-30,2017-02-02,2015-11-30,2016-01-31,2014-11-30,2015-02-01,2013-11-30,2014-02-02,2012-12-01,2013-02-02,2011-11-30,2012-02-02,2010-11-30,2011-02-02,2009-11-30,2010-01-31
"Ukraine","UKR","autumn holiday",2019-11-02,2019-11-10,2018-11-03,2018-11-10,2017-11-04,2017-11-10,2016-11-02,2016-11-10,2015-11-02,2015-11-08,2014-11-02,2014-11-09,2013-11-02,2013-11-10,2012-11-03,2012-11-10,2011-11-02,2011-11-10,2010-11-02,2010-11-10,2009-11-02,2009-11-08
"Ukraine","UKR","summer holiday",2019-05-26,2019-09-01,2018-05-26,2018-09-01,2017-05-27,2017-09-01,2016-05-28,2016-09-01,2015-05-26,2015-08-30,2014-05-26,2014-08-31,2013-05-26,2013-09-01,2012-05-26,2012-09-01,2011-05-28,2011-09-01,2010-05-26,2010-09-01,2009-05-26,2009-08-30
"United Arab Emirates (UAE)","ARE","break between school years/terms",2019-08-03,2019-08-31,2018-08-04,2018-08-31,2017-08-05,2017-08-31,2016-08-03,2016-08-31,2015-08-03,2015-08-30,2014-08-03,2014-08-31,2013-08-03,2013-08-31,2012-08-04,2012-08-31,2011-08-03,2011-08-31,2010-08-03,2010-08-29,2009-08-03,2009-08-30
"United Kingdom","GBR","summer holiday",2019-07-13,2019-09-01,2018-07-14,2018-09-01,2017-07-15,2017-09-01,2016-07-13,2016-09-01,2015-07-13,2015-08-30,2014-07-13,2014-08-31,2013-07-13,2013-09-01,2012-07-14,2012-09-01,2011-07-13,2011-09-01,2010-07-13,2010-09-01,2009-07-13,2009-08-30
"United States","USA","summer holiday",2019-06-27,2019-09-05,2018-06-27,2018-09-05,2017-06-27,2017-09-03,2016-06-27,2016-09-04,2015-06-27,2015-09-05,2014-06-28,2014-09-05,2013-06-29,2013-09-05,2012-06-27,2012-09-05,2011-06-27,2011-09-04,2010-06-27,2010-09-05,2009-06-27,2009-09-05
"Uruguay","URY","summer holiday",2019-12-18,2020-03-01,2018-12-18,2019-03-01,2017-12-18,2018-03-01,2016-12-18,2017-03-01,2015-12-19,2016-02-28,2014-12-20,2015-03-01,2013-12-18,2014-03-01,2012-12-18,2013-03-01,2011-12-18,2012-03-01,2010-12-18,2011-02-27,2009-12-19,2010-02-28
"Uzbekistan","UZB","autumn holiday",2019-10-12,2019-10-20,2018-10-13,2018-10-20,2017-10-14,2017-10-20,2016-10-12,2016-10-20,2015-10-12,2015-10-18,2014-10-12,2014-10-19,2013-10-12,2013-10-20,2012-10-13,2012-10-20,2011-10-12,2011-10-20,2010-10-12,2010-10-20,2009-10-12,2009-10-18
"Uzbekistan","UZB","summer holiday",2019-06-13,2019-08-14,2018-06-13,2018-08-12,2017-06-13,2017-08-13,2016-06-13,2016-08-14,2015-06-13,2015-08-14,2014-06-14,2014-08-14,2013-06-15,2013-08-14,2012-06-13,2012-08-12,2011-06-13,2011-08-14,2010-06-13,2010-08-14,2009-06-13,2009-08-14
"Vanuatu","VUT","break between school years/terms",2019-05-06,2019-05-17,2018-05-06,2018-05-17,2017-05-06,2017-05-17,2016-05-07,2016-05-15,2015-05-06,2015-05-17,2014-05-06,2014-05-17,2013-05-06,2013-05-17,2012-05-06,2012-05-17,2011-05-07,2011-05-15,2010-05-08,2010-05-16,2009-05-06,2009-05-17
"Vanuatu","VUT","break between school years/terms",2019-08-19,2019-08-30,2018-08-19,2018-08-30,2017-08-19,2017-08-30,2016-08-20,2016-08-28,2015-08-19,2015-08-30,2014-08-19,2014-08-30,2013-08-19,2013-08-30,2012-08-19,2012-08-30,2011-08-20,2011-08-28,2010-08-21,2010-08-29,2009-08-19,2009-08-30
"Vanuatu","VUT","break between school years/terms",2019-12-02,2020-02-02,2018-12-02,2019-02-02,2017-12-02,2018-02-02,2016-12-03,2017-02-02,2015-12-02,2016-01-31,2014-12-02,2015-02-01,2013-12-02,2014-02-02,2012-12-02,2013-02-02,2011-12-03,2012-02-02,2010-12-04,2011-02-02,2009-12-02,2010-01-31
"Venezuela","VEN","summer holiday",2019-07-24,2019-09-08,2018-07-24,2018-09-08,2017-07-24,2017-09-08,2016-07-24,2016-09-08,2015-07-25,2015-09-06,2014-07-26,2014-09-07,2013-07-24,2013-09-08,2012-07-24,2012-09-08,2011-07-24,2011-09-08,2010-07-24,2010-09-08,2009-07-25,2009-09-06
"VietNam","VNM","summer holiday",2019-05-23,2019-07-28,2018-05-23,2018-07-28,2017-05-23,2017-07-28,2016-05-23,2016-07-28,2015-05-23,2015-07-26,2014-05-24,2014-07-27,2013-05-25,2013-07-28,2012-05-23,2012-07-28,2011-05-23,2011-07-28,2010-05-23,2010-07-28,2009-05-23,2009-07-26
"Virgin Islands","VIR","summer holiday",2019-06-24,2019-09-01,2018-06-24,2018-09-01,2017-06-24,2017-09-01,2016-06-25,2016-09-01,2015-06-24,2015-08-30,2014-06-24,2014-08-31,2013-06-24,2013-09-01,2012-06-24,2012-09-01,2011-06-25,2011-09-01,2010-06-26,2010-09-01,2009-06-24,2009-08-30
"Wallis & Futuna","WLF","winter holiday",2019-06-08,2019-06-23,2018-06-09,2018-06-23,2017-06-10,2017-06-23,2016-06-08,2016-06-23,2015-06-08,2015-06-21,2014-06-08,2014-06-22,2013-06-08,2013-06-23,2012-06-09,2012-06-23,2011-06-08,2011-06-23,2010-06-08,2010-06-23,2009-06-08,2009-06-21
"Yemen","YEM","break between school years/terms",2019-07-20,2019-09-27,2018-07-21,2018-09-27,2017-07-22,2017-09-27,2016-07-20,2016-09-25,2015-07-20,2015-09-27,2014-07-20,2014-09-27,2013-07-20,2013-09-27,2012-07-21,2012-09-27,2011-07-20,2011-09-25,2010-07-20,2010-09-26,2009-07-20,2009-09-27
"Zambia","ZMB","winter holiday",2019-08-12,2019-09-06,2018-08-12,2018-09-06,2017-08-12,2017-09-06,2016-08-13,2016-09-04,2015-08-12,2015-09-06,2014-08-12,2014-09-06,2013-08-12,2013-09-06,2012-08-12,2012-09-06,2011-08-13,2011-09-04,2010-08-14,2010-09-05,2009-08-12,2009-09-06
"Zambia","ZMB","break between school years/terms",2019-04-15,2019-05-10,2018-04-15,2018-05-10,2017-04-15,2017-05-10,2016-04-16,2016-05-08,2015-04-15,2015-05-10,2014-04-15,2014-05-10,2013-04-15,2013-05-10,2012-04-15,2012-05-10,2011-04-16,2011-05-08,2010-04-17,2010-05-09,2009-04-15,2009-05-10
"Zambia","ZMB","summer holiday",2019-12-09,2020-01-10,2018-12-09,2019-01-10,2017-12-09,2018-01-10,2016-12-10,2017-01-08,2015-12-09,2016-01-10,2014-12-09,2015-01-10,2013-12-09,2014-01-10,2012-12-09,2013-01-10,2011-12-10,2012-01-08,2010-12-11,2011-01-09,2009-12-09,2010-01-10
"Zimbabwe","ZWE","break between school years/terms",2019-03-30,2019-05-05,2018-03-31,2018-05-06,2017-04-01,2017-05-05,2016-03-30,2016-05-05,2015-03-30,2015-05-03,2014-03-30,2014-05-04,2013-03-30,2013-05-05,2012-03-31,2012-05-05,2011-03-30,2011-05-05,2010-03-30,2010-05-05,2009-03-30,2009-05-03
"Zimbabwe","ZWE","break between school years/terms",2019-08-10,2019-09-10,2018-07-28,2018-09-02,2017-08-12,2017-09-10,2016-08-10,2016-09-10,2015-08-10,2015-09-10,2014-08-10,2014-09-10,2013-08-10,2013-09-08,2012-08-11,2012-09-09,2011-08-10,2011-09-10,2010-08-10,2010-09-10,2009-08-10,2009-09-10
"Zimbabwe","ZWE","break between school years/terms",2019-12-07,2020-01-08,2018-12-08,2019-01-06,2017-12-09,2018-01-07,2016-12-07,2017-01-08,2015-12-07,2016-01-08,2014-12-07,2015-01-08,2013-12-07,2014-01-08,2012-12-08,2013-01-06,2011-12-07,2012-01-08,2010-12-07,2011-01-08,2009-12-07,2010-01-08
