ISO3,Year,Month,Total,Domestic,International
ABW,2010,1,144.598,NA,144.598
ABW,2010,2,143.729,NA,143.729
ABW,2010,3,168.495,NA,168.495
ABW,2010,4,145.959,NA,145.959
ABW,2010,5,133.941,NA,133.941
ABW,2010,6,133.315,NA,133.315
ABW,2010,7,153.382,NA,153.382
ABW,2010,8,142.573,NA,142.573
ABW,2010,9,99.63,NA,99.63
ABW,2010,10,105.242,NA,105.242
ABW,2010,11,96.311,NA,96.311
ABW,2010,12,117.231,NA,117.231
AFG,2010,1,131.522,37.17,94.352
AFG,2010,2,125.004,35.794,89.21
AFG,2010,3,148.428,44.296,104.132
AFG,2010,4,136.682,38.547,98.135
AFG,2010,5,144.232,46.861,97.371
AFG,2010,6,157.736,54.211,103.525
AFG,2010,7,166.148,55.118,111.03
AFG,2010,8,155.382,50.233,105.149
AFG,2010,9,147,49.414,97.586
AFG,2010,10,141.852,38.017,103.835
AFG,2010,11,137.236,39.396,97.84
AFG,2010,12,168.815,51.817,116.998
AGO,2010,1,192.764,59.693,133.071
AGO,2010,2,162.432,52.507,109.925
AGO,2010,3,171.847,51.73,120.117
AGO,2010,4,102.617,2.964,99.653
AGO,2010,5,94.233,3.683,90.55
AGO,2010,6,101.542,3.93,97.612
AGO,2010,7,110.27,4.25,106.02
AGO,2010,8,107.022,3.755,103.267
AGO,2010,9,101.998,4.312,97.686
AGO,2010,10,98.173,2.733,95.44
AGO,2010,11,90.665,3.06,87.605
AGO,2010,12,104.938,4.06,100.878
AIA,2010,1,6.598,NA,6.598
AIA,2010,2,6.756,NA,6.756
AIA,2010,3,6.982,NA,6.982
AIA,2010,4,5.58,NA,5.58
AIA,2010,5,6.235,NA,6.235
AIA,2010,6,6.609,NA,6.609
AIA,2010,7,7.426,NA,7.426
AIA,2010,8,6.869,NA,6.869
AIA,2010,9,5.673,NA,5.673
AIA,2010,10,5.337,NA,5.337
AIA,2010,11,5.917,NA,5.917
AIA,2010,12,8.629,NA,8.629
ALB,2010,1,212.782,NA,212.782
ALB,2010,2,173.884,NA,173.884
ALB,2010,3,206.28,NA,206.28
ALB,2010,4,197.535,NA,197.535
ALB,2010,5,218.442,NA,218.442
ALB,2010,6,250.275,NA,250.275
ALB,2010,7,283.63,NA,283.63
ALB,2010,8,291.949,NA,291.949
ALB,2010,9,235.028,NA,235.028
ALB,2010,10,196.317,NA,196.317
ALB,2010,11,112.115,NA,112.115
ALB,2010,12,128.122,NA,128.122
ARE,2010,1,5728.865,3.355,5725.51
ARE,2010,2,5063.562,3.123,5060.439
ARE,2010,3,5636.108,3.369,5632.739
ARE,2010,4,5009.368,3.318,5006.05
ARE,2010,5,5488.153,3.798,5484.355
ARE,2010,6,5710.619,3.675,5706.944
ARE,2010,7,5776.026,3.103,5772.923
ARE,2010,8,5299.977,2.963,5297.014
ARE,2010,9,4915.532,3.314,4912.218
ARE,2010,10,5159.604,3.62,5155.984
ARE,2010,11,5001.955,3.461,4998.494
ARE,2010,12,5893.839,3.586,5890.253
ARG,2010,1,1311.662,516.539,795.123
ARG,2010,2,1154.234,467.986,686.248
ARG,2010,3,1359.796,588.466,771.33
ARG,2010,4,1325.723,578.88,746.843
ARG,2010,5,1386.071,599.432,786.639
ARG,2010,6,1549.389,700.6,848.789
ARG,2010,7,1704.065,766.957,937.108
ARG,2010,8,1635.527,729.623,905.904
ARG,2010,9,1071.221,385.846,685.375
ARG,2010,10,793.552,177.106,616.446
ARG,2010,11,822.822,196.175,626.647
ARG,2010,12,971.416,243.368,728.048
ARM,2010,1,125.648,NA,125.648
ARM,2010,2,101.584,NA,101.584
ARM,2010,3,136.485,NA,136.485
ARM,2010,4,94.425,NA,94.425
ARM,2010,5,105.245,NA,105.245
ARM,2010,6,122.615,NA,122.615
ARM,2010,7,129.769,NA,129.769
ARM,2010,8,128.489,NA,128.489
ARM,2010,9,113.738,NA,113.738
ARM,2010,10,107.833,NA,107.833
ARM,2010,11,24.547,NA,24.547
ARM,2010,12,27.346,NA,27.346
ASM,2010,1,4.816,NA,4.816
ASM,2010,2,4.708,NA,4.708
ASM,2010,3,4.526,NA,4.526
ASM,2010,4,4.165,NA,4.165
ASM,2010,5,4.878,NA,4.878
ASM,2010,6,5.802,NA,5.802
ASM,2010,7,6.12,NA,6.12
ASM,2010,8,4.931,NA,4.931
ASM,2010,9,5.064,NA,5.064
ASM,2010,10,3.808,NA,3.808
ASM,2010,11,3.651,NA,3.651
ASM,2010,12,6.073,NA,6.073
ATG,2010,1,107.407,0.845,106.562
ATG,2010,2,98.253,0.923,97.33
ATG,2010,3,110.114,0.842,109.272
ATG,2010,4,88.044,0.935,87.109
ATG,2010,5,81.597,0.994,80.603
ATG,2010,6,85.631,1.002,84.629
ATG,2010,7,97.907,0.877,97.03
ATG,2010,8,88.226,0.722,87.504
ATG,2010,9,65.084,0.829,64.255
ATG,2010,10,68.486,0.704,67.782
ATG,2010,11,84.637,0.722,83.915
ATG,2010,12,112.083,0.841,111.242
AUS,2010,1,6129.855,3618.441,2511.414
AUS,2010,2,5382.076,3317.219,2064.857
AUS,2010,3,6074.69,3849.83,2224.86
AUS,2010,4,6157.54,4020.173,2137.367
AUS,2010,5,6092.817,3898.735,2194.082
AUS,2010,6,6436.523,4175.171,2261.352
AUS,2010,7,7446.494,4732.193,2714.301
AUS,2010,8,6871.97,4390.464,2481.506
AUS,2010,9,5990.534,3915.509,2075.025
AUS,2010,10,6249.312,4076.291,2173.021
AUS,2010,11,5469.506,3479.011,1990.495
AUS,2010,12,6150.039,3908.008,2242.031
AUT,2010,1,1814.013,67.199,1746.814
AUT,2010,2,1733.512,66.79,1666.722
AUT,2010,3,2106.108,82.346,2023.762
AUT,2010,4,2019.257,81.307,1937.95
AUT,2010,5,2306.179,82.873,2223.306
AUT,2010,6,2512.999,93.819,2419.18
AUT,2010,7,2604.831,95.518,2509.313
AUT,2010,8,2661.931,97.814,2564.117
AUT,2010,9,2486.678,98.507,2388.171
AUT,2010,10,2343.08,98.853,2244.227
AUT,2010,11,1774.289,82.794,1691.495
AUT,2010,12,1593.674,66.492,1527.182
AZE,2010,1,161.803,NA,161.803
AZE,2010,2,156.488,NA,156.488
AZE,2010,3,181.631,NA,181.631
AZE,2010,4,93.05,NA,93.05
AZE,2010,5,105.997,NA,105.997
AZE,2010,6,121.152,NA,121.152
AZE,2010,7,125.391,NA,125.391
AZE,2010,8,125.123,NA,125.123
AZE,2010,9,108.143,NA,108.143
AZE,2010,10,108.202,NA,108.202
AZE,2010,11,69.226,NA,69.226
AZE,2010,12,77.933,NA,77.933
BDI,2010,1,12.94,NA,12.94
BDI,2010,2,12.72,NA,12.72
BDI,2010,3,13.643,NA,13.643
BDI,2010,4,9.724,NA,9.724
BDI,2010,5,14.873,NA,14.873
BDI,2010,6,16.555,NA,16.555
BDI,2010,7,17.302,NA,17.302
BDI,2010,8,16.134,NA,16.134
BDI,2010,9,14.454,NA,14.454
BDI,2010,10,12.186,NA,12.186
BDI,2010,11,15.785,NA,15.785
BDI,2010,12,18.498,NA,18.498
BEL,2010,1,1692.351,1.184,1691.167
BEL,2010,2,1571.04,0.933,1570.107
BEL,2010,3,1897.403,1.202,1896.201
BEL,2010,4,1700.705,NA,1700.705
BEL,2010,5,1935.619,NA,1935.619
BEL,2010,6,2098.666,NA,2098.666
BEL,2010,7,2124.302,NA,2124.302
BEL,2010,8,2170.898,NA,2170.898
BEL,2010,9,1953.235,NA,1953.235
BEL,2010,10,1891.502,NA,1891.502
BEL,2010,11,1497.414,NA,1497.414
BEL,2010,12,1610.823,NA,1610.823
BEN,2010,1,69.229,NA,69.229
BEN,2010,2,56.123,NA,56.123
BEN,2010,3,59.594,NA,59.594
BEN,2010,4,35.372,NA,35.372
BEN,2010,5,37.125,NA,37.125
BEN,2010,6,43.888,NA,43.888
BEN,2010,7,49.13,NA,49.13
BEN,2010,8,48.154,NA,48.154
BEN,2010,9,40.81,NA,40.81
BEN,2010,10,36.811,NA,36.811
BEN,2010,11,35.909,NA,35.909
BEN,2010,12,42.327,NA,42.327
BFA,2010,1,41.575,1.255,40.32
BFA,2010,2,33.84,0.956,32.884
BFA,2010,3,37.242,1.094,36.148
BFA,2010,4,28.172,1.098,27.074
BFA,2010,5,32.288,1.417,30.871
BFA,2010,6,41.222,1.782,39.44
BFA,2010,7,50.431,1.782,48.649
BFA,2010,8,45.904,1.383,44.521
BFA,2010,9,36.988,1.557,35.431
BFA,2010,10,28.969,0.843,28.126
BFA,2010,11,25.015,1.12,23.895
BFA,2010,12,32.084,1.385,30.699
BGD,2010,1,432.198,41.081,391.117
BGD,2010,2,370.461,35.471,334.99
BGD,2010,3,410.037,39.404,370.633
BGD,2010,4,411.514,40.523,370.991
BGD,2010,5,440.275,36.708,403.567
BGD,2010,6,413.192,21.742,391.45
BGD,2010,7,436.565,30.605,405.96
BGD,2010,8,390.198,33.614,356.584
BGD,2010,9,413.017,54.572,358.445
BGD,2010,10,445.395,51.456,393.939
BGD,2010,11,464.369,62.178,402.191
BGD,2010,12,532.593,72.793,459.8
BGR,2010,1,292.538,10.29,282.248
BGR,2010,2,260.478,10.087,250.391
BGR,2010,3,318.731,14.598,304.133
BGR,2010,4,304.576,16.447,288.129
BGR,2010,5,357.887,20.087,337.8
BGR,2010,6,443.601,23.017,420.584
BGR,2010,7,475.695,23.268,452.427
BGR,2010,8,479.564,22.986,456.578
BGR,2010,9,411.747,20.846,390.901
BGR,2010,10,369.909,19.162,350.747
BGR,2010,11,214.347,16.385,197.962
BGR,2010,12,232.467,18.701,213.766
BHR,2010,1,966.156,NA,966.156
BHR,2010,2,872.942,NA,872.942
BHR,2010,3,927.37,NA,927.37
BHR,2010,4,821.727,NA,821.727
BHR,2010,5,923.177,NA,923.177
BHR,2010,6,971.981,NA,971.981
BHR,2010,7,959.958,NA,959.958
BHR,2010,8,841.743,NA,841.743
BHR,2010,9,818.703,NA,818.703
BHR,2010,10,875.736,NA,875.736
BHR,2010,11,866.521,NA,866.521
BHR,2010,12,1068.51,NA,1068.51
BHS,2010,1,322.185,46.545,275.64
BHS,2010,2,311.421,47.828,263.593
BHS,2010,3,379.075,51.77,327.305
BHS,2010,4,333.717,44.661,289.056
BHS,2010,5,324.781,50.569,274.212
BHS,2010,6,333.105,53.937,279.168
BHS,2010,7,378.417,55.6,322.817
BHS,2010,8,363.117,52.228,310.889
BHS,2010,9,240.662,48.893,191.769
BHS,2010,10,252.589,47.071,205.518
BHS,2010,11,247.221,49.151,198.07
BHS,2010,12,293.157,70.912,222.245
BIH,2010,1,47.211,NA,47.211
BIH,2010,2,42.545,NA,42.545
BIH,2010,3,51.406,NA,51.406
BIH,2010,4,52.664,NA,52.664
BIH,2010,5,60.593,NA,60.593
BIH,2010,6,70.603,NA,70.603
BIH,2010,7,79.605,NA,79.605
BIH,2010,8,74.926,NA,74.926
BIH,2010,9,60.979,NA,60.979
BIH,2010,10,57.225,NA,57.225
BIH,2010,11,33.261,NA,33.261
BIH,2010,12,34.751,NA,34.751
BLR,2010,1,79.988,NA,79.988
BLR,2010,2,74.591,NA,74.591
BLR,2010,3,85.998,NA,85.998
BLR,2010,4,44.169,NA,44.169
BLR,2010,5,51.214,NA,51.214
BLR,2010,6,57.483,NA,57.483
BLR,2010,7,61.728,NA,61.728
BLR,2010,8,61.105,NA,61.105
BLR,2010,9,54.856,NA,54.856
BLR,2010,10,51.135,NA,51.135
BLR,2010,11,42.33,NA,42.33
BLR,2010,12,44.423,NA,44.423
BLZ,2010,1,49.695,NA,49.695
BLZ,2010,2,45.691,NA,45.691
BLZ,2010,3,53.126,NA,53.126
BLZ,2010,4,41.833,NA,41.833
BLZ,2010,5,39.303,NA,39.303
BLZ,2010,6,40.032,NA,40.032
BLZ,2010,7,47.507,NA,47.507
BLZ,2010,8,40.573,NA,40.573
BLZ,2010,9,26.75,NA,26.75
BLZ,2010,10,28.186,NA,28.186
BLZ,2010,11,34.56,NA,34.56
BLZ,2010,12,38.644,NA,38.644
BMU,2010,1,55.679,NA,55.679
BMU,2010,2,54.772,NA,54.772
BMU,2010,3,68.184,NA,68.184
BMU,2010,4,64.344,NA,64.344
BMU,2010,5,82.039,NA,82.039
BMU,2010,6,106.229,NA,106.229
BMU,2010,7,121.428,NA,121.428
BMU,2010,8,124.386,NA,124.386
BMU,2010,9,75.202,NA,75.202
BMU,2010,10,64.912,NA,64.912
BMU,2010,11,46.329,NA,46.329
BMU,2010,12,49.633,NA,49.633
BOL,2010,1,256.188,171.111,85.077
BOL,2010,2,223.698,155.921,67.777
BOL,2010,3,247.95,171.817,76.133
BOL,2010,4,233.856,161.993,71.863
BOL,2010,5,262.922,187.448,75.474
BOL,2010,6,301.689,213.723,87.966
BOL,2010,7,331.463,228.991,102.472
BOL,2010,8,297.997,206.029,91.968
BOL,2010,9,255.964,184.279,71.685
BOL,2010,10,217.52,152.595,64.925
BOL,2010,11,260.728,187.697,73.031
BOL,2010,12,349.728,257.34,92.388
BRA,2010,1,6994.854,5723.863,1270.991
BRA,2010,2,5956.948,4890.446,1066.502
BRA,2010,3,6473.389,5296.423,1176.966
BRA,2010,4,6613.161,5487.746,1125.415
BRA,2010,5,7240.602,6068.611,1171.991
BRA,2010,6,7425.641,6181.79,1243.851
BRA,2010,7,7758.617,6358.425,1400.192
BRA,2010,8,7287.776,5953.275,1334.501
BRA,2010,9,6663.702,5515.412,1148.29
BRA,2010,10,7283.513,6133.738,1149.775
BRA,2010,11,8033.525,6833.679,1199.846
BRA,2010,12,8333.772,6981.652,1352.12
BRB,2010,1,172.976,NA,172.976
BRB,2010,2,150.373,NA,150.373
BRB,2010,3,169.744,NA,169.744
BRB,2010,4,145.767,NA,145.767
BRB,2010,5,144.16,NA,144.16
BRB,2010,6,149.417,NA,149.417
BRB,2010,7,172.374,NA,172.374
BRB,2010,8,156.287,NA,156.287
BRB,2010,9,124.934,NA,124.934
BRB,2010,10,132.888,NA,132.888
BRB,2010,11,144.201,NA,144.201
BRB,2010,12,175.012,NA,175.012
BRN,2010,1,125.833,NA,125.833
BRN,2010,2,103.232,NA,103.232
BRN,2010,3,109.897,NA,109.897
BRN,2010,4,106.446,NA,106.446
BRN,2010,5,112.523,NA,112.523
BRN,2010,6,125.033,NA,125.033
BRN,2010,7,138.965,NA,138.965
BRN,2010,8,118.835,NA,118.835
BRN,2010,9,103.569,NA,103.569
BRN,2010,10,119.677,NA,119.677
BRN,2010,11,153.451,NA,153.451
BRN,2010,12,145.316,NA,145.316
BTN,2010,1,6.095,NA,6.095
BTN,2010,2,5.608,NA,5.608
BTN,2010,3,6.5,NA,6.5
BTN,2010,4,6.296,NA,6.296
BTN,2010,5,6.231,NA,6.231
BTN,2010,6,4.616,NA,4.616
BTN,2010,7,5.265,NA,5.265
BTN,2010,8,5.632,NA,5.632
BTN,2010,9,6.567,NA,6.567
BTN,2010,10,6.503,NA,6.503
BTN,2010,11,6.552,NA,6.552
BTN,2010,12,8,NA,8
BWA,2010,1,34.22,5.475,28.745
BWA,2010,2,31.068,4.778,26.29
BWA,2010,3,35.783,5.321,30.462
BWA,2010,4,33.86,4.083,29.777
BWA,2010,5,35.222,5.826,29.396
BWA,2010,6,42.358,7.904,34.454
BWA,2010,7,46.568,8.104,38.464
BWA,2010,8,43.925,6.804,37.121
BWA,2010,9,37.953,5.973,31.98
BWA,2010,10,31.465,3.417,28.048
BWA,2010,11,35.099,4.704,30.395
BWA,2010,12,40.73,6.955,33.775
CAF,2010,1,14.345,NA,14.345
CAF,2010,2,11.643,NA,11.643
CAF,2010,3,12.097,NA,12.097
CAF,2010,4,4.203,NA,4.203
CAF,2010,5,4.2,NA,4.2
CAF,2010,6,6.319,NA,6.319
CAF,2010,7,7.041,NA,7.041
CAF,2010,8,6.727,NA,6.727
CAF,2010,9,5.559,NA,5.559
CAF,2010,10,5.294,NA,5.294
CAF,2010,11,4.52,NA,4.52
CAF,2010,12,5.138,NA,5.138
CAN,2010,1,5392.181,2218.331,3173.85
CAN,2010,2,5108.695,2152.177,2956.518
CAN,2010,3,6201.954,2634.232,3567.722
CAN,2010,4,5815.469,2619.962,3195.507
CAN,2010,5,6734.044,3309.323,3424.721
CAN,2010,6,7549.6,3746.553,3803.047
CAN,2010,7,8351.498,4045.045,4306.453
CAN,2010,8,8230.328,3936.099,4294.229
CAN,2010,9,7107.316,3460.109,3647.207
CAN,2010,10,6711.747,3263.681,3448.066
CAN,2010,11,4291.57,1674.238,2617.332
CAN,2010,12,4700.386,1748.168,2952.218
CHE,2010,1,2775.617,60.02,2715.597
CHE,2010,2,2594.096,59.582,2534.514
CHE,2010,3,3038.735,67.023,2971.712
CHE,2010,4,2726.283,56.895,2669.388
CHE,2010,5,3063.659,64.686,2998.973
CHE,2010,6,3259.368,65.698,3193.67
CHE,2010,7,3429.552,65.967,3363.585
CHE,2010,8,3468.36,70.788,3397.572
CHE,2010,9,3194.288,69.949,3124.339
CHE,2010,10,3146.205,71.681,3074.524
CHE,2010,11,2220.894,58.756,2162.138
CHE,2010,12,2256.824,55.516,2201.308
CHL,2010,1,927.577,463.558,464.019
CHL,2010,2,846.158,455.827,390.331
CHL,2010,3,887.789,459.143,428.646
CHL,2010,4,703.493,311.92,391.573
CHL,2010,5,752.449,331.786,420.663
CHL,2010,6,839.737,386.594,453.143
CHL,2010,7,928.952,412.891,516.061
CHL,2010,8,881.025,384.253,496.772
CHL,2010,9,777.346,356.592,420.754
CHL,2010,10,756.443,344.848,411.595
CHL,2010,11,764.24,352.975,411.265
CHL,2010,12,998.292,485.868,512.424
CHN,2010,1,21602.936,17205.714,4397.222
CHN,2010,2,20400.385,16558.682,3841.703
CHN,2010,3,23914.876,19266.084,4648.792
CHN,2010,4,15294.818,10934.365,4360.453
CHN,2010,5,15656.104,10998.741,4657.363
CHN,2010,6,15584.726,10957.338,4627.388
CHN,2010,7,16325.917,11214.166,5111.751
CHN,2010,8,15475.193,10644.404,4830.789
CHN,2010,9,15659.215,11073.204,4586.011
CHN,2010,10,18171.965,13100.353,5071.612
CHN,2010,11,16290.004,11869.936,4420.068
CHN,2010,12,16471.294,11713.377,4757.917
CIV,2010,1,117.065,NA,117.065
CIV,2010,2,98.798,NA,98.798
CIV,2010,3,106.153,NA,106.153
CIV,2010,4,72.836,NA,72.836
CIV,2010,5,75.438,NA,75.438
CIV,2010,6,81.252,NA,81.252
CIV,2010,7,90.51,NA,90.51
CIV,2010,8,86.163,NA,86.163
CIV,2010,9,78.012,NA,78.012
CIV,2010,10,71.954,NA,71.954
CIV,2010,11,58.52,NA,58.52
CIV,2010,12,69.105,NA,69.105
CMR,2010,1,108.173,4.044,104.129
CMR,2010,2,91.466,3.454,88.012
CMR,2010,3,99.305,3.834,95.471
CMR,2010,4,69.179,2.288,66.891
CMR,2010,5,73.336,3.599,69.737
CMR,2010,6,85.91,4.74,81.17
CMR,2010,7,94.924,5.436,89.488
CMR,2010,8,90.572,4.53,86.042
CMR,2010,9,73.559,4.685,68.874
CMR,2010,10,78.866,3.307,75.559
CMR,2010,11,70.541,4.758,65.783
CMR,2010,12,76.831,5.458,71.373
COD,2010,1,95.731,38.609,57.122
COD,2010,2,76.159,30.252,45.907
COD,2010,3,83.265,34.468,48.797
COD,2010,4,70.366,29.429,40.937
COD,2010,5,88.06,40.382,47.678
COD,2010,6,101.59,47.379,54.211
COD,2010,7,75.508,19.459,56.049
COD,2010,8,74.605,19.054,55.551
COD,2010,9,59.822,14.563,45.259
COD,2010,10,52.857,12.303,40.554
COD,2010,11,50.223,13.952,36.271
COD,2010,12,55.135,15.509,39.626
COG,2010,1,74.155,21.048,53.107
COG,2010,2,65.137,17.844,47.293
COG,2010,3,70.62,20.521,50.099
COG,2010,4,59.887,17.576,42.311
COG,2010,5,75.424,28.203,47.221
COG,2010,6,81.847,29.374,52.473
COG,2010,7,84.597,28.855,55.742
COG,2010,8,79.835,26.878,52.957
COG,2010,9,75.023,27.404,47.619
COG,2010,10,66.709,25.586,41.123
COG,2010,11,39.261,9.153,30.108
COG,2010,12,42.986,9.755,33.231
COK,2010,1,18.607,3.368,15.239
COK,2010,2,17.646,3.598,14.048
COK,2010,3,17.777,3.299,14.478
COK,2010,4,15.586,2.571,13.015
COK,2010,5,17.678,3.042,14.636
COK,2010,6,21.054,3.639,17.415
COK,2010,7,27.988,4.008,23.98
COK,2010,8,22.942,2.236,20.706
COK,2010,9,21.098,3.397,17.701
COK,2010,10,19.141,3.594,15.547
COK,2010,11,18.725,3.91,14.815
COK,2010,12,31.531,8.646,22.885
COL,2010,1,1561.248,976.41,584.838
COL,2010,2,1368.784,880.358,488.426
COL,2010,3,1585.899,1021.078,564.821
COL,2010,4,1488.771,951.239,537.532
COL,2010,5,1577.527,1023.86,553.667
COL,2010,6,1677.882,1093.238,584.644
COL,2010,7,1832.804,1172.782,660.022
COL,2010,8,1782.703,1147.022,635.681
COL,2010,9,1437.771,900.795,536.976
COL,2010,10,1525.391,967.364,558.027
COL,2010,11,1635.541,1051.638,583.903
COL,2010,12,1731.66,1085.834,645.826
COM,2010,1,15.772,0.535,15.237
COM,2010,2,13.764,0.387,13.377
COM,2010,3,15.378,0.348,15.03
COM,2010,4,10.982,0.132,10.85
COM,2010,5,14.918,0.352,14.566
COM,2010,6,20.198,0.794,19.404
COM,2010,7,17.778,NA,17.778
COM,2010,8,15.734,NA,15.734
COM,2010,9,12.776,NA,12.776
COM,2010,10,10.042,NA,10.042
COM,2010,11,5.252,NA,5.252
COM,2010,12,6.221,NA,6.221
CPV,2010,1,86.655,33.114,53.541
CPV,2010,2,76.742,28.891,47.851
CPV,2010,3,89.192,34.8,54.392
CPV,2010,4,83.027,37.676,45.351
CPV,2010,5,78.692,31.301,47.391
CPV,2010,6,87.323,34.685,52.638
CPV,2010,7,93.313,37.237,56.076
CPV,2010,8,85.365,30.298,55.067
CPV,2010,9,70.539,26.401,44.138
CPV,2010,10,85.923,40.875,45.048
CPV,2010,11,72.759,31.852,40.907
CPV,2010,12,100.615,49.303,51.312
CRI,2010,1,430.073,29.605,400.468
CRI,2010,2,367.276,27.023,340.253
CRI,2010,3,417.281,29.065,388.216
CRI,2010,4,382.458,30.26,352.198
CRI,2010,5,335.702,21.03,314.672
CRI,2010,6,379.239,28.991,350.248
CRI,2010,7,454.195,34.547,419.648
CRI,2010,8,402.93,28.125,374.805
CRI,2010,9,297.827,27.822,270.005
CRI,2010,10,323.773,29.528,294.245
CRI,2010,11,365.201,29.465,335.736
CRI,2010,12,433.546,33.454,400.092
CUB,2010,1,369.6,38.693,330.907
CUB,2010,2,321.656,33.82,287.836
CUB,2010,3,368.504,39.013,329.491
CUB,2010,4,300.517,35.092,265.425
CUB,2010,5,292.646,36.339,256.307
CUB,2010,6,300.742,41.399,259.343
CUB,2010,7,348.33,43.426,304.904
CUB,2010,8,317.339,40.324,277.015
CUB,2010,9,270.451,40.736,229.715
CUB,2010,10,285.365,31.013,254.352
CUB,2010,11,280.123,34.043,246.08
CUB,2010,12,344.822,41.499,303.323
CYM,2010,1,103.464,7.311,96.153
CYM,2010,2,100.243,7.364,92.879
CYM,2010,3,117.533,6.054,111.479
CYM,2010,4,92.46,4.996,87.464
CYM,2010,5,85.41,7.095,78.315
CYM,2010,6,91.582,7.68,83.902
CYM,2010,7,105.565,7.17,98.395
CYM,2010,8,97.927,5.639,92.288
CYM,2010,9,69.59,7.684,61.906
CYM,2010,10,69.07,5.838,63.232
CYM,2010,11,74.504,5.715,68.789
CYM,2010,12,105.802,11.777,94.025
CYP,2010,1,494.53,0.11,494.42
CYP,2010,2,456.684,NA,456.684
CYP,2010,3,582.528,NA,582.528
CYP,2010,4,566.454,NA,566.454
CYP,2010,5,647.537,NA,647.537
CYP,2010,6,708.748,NA,708.748
CYP,2010,7,756.787,NA,756.787
CYP,2010,8,745.182,NA,745.182
CYP,2010,9,644.295,NA,644.295
CYP,2010,10,619.833,NA,619.833
CYP,2010,11,373.335,NA,373.335
CYP,2010,12,457.614,NA,457.614
CZE,2010,1,840.661,11.248,829.413
CZE,2010,2,771.309,12.482,758.827
CZE,2010,3,952.114,15.099,937.015
CZE,2010,4,905.96,14.099,891.861
CZE,2010,5,1070.859,16.375,1054.484
CZE,2010,6,1222.05,20.896,1201.154
CZE,2010,7,1286.844,21.092,1265.752
CZE,2010,8,1340.109,21.711,1318.398
CZE,2010,9,1218.168,21.359,1196.809
CZE,2010,10,1114.085,18.627,1095.458
CZE,2010,11,694.643,13.587,681.056
CZE,2010,12,773.427,13.219,760.208
DEU,2010,1,11544.689,1978.039,9566.65
DEU,2010,2,11348.986,2119.368,9229.618
DEU,2010,3,14193.007,2736.971,11456.036
DEU,2010,4,13416.412,2507.722,10908.69
DEU,2010,5,16048.717,2780.961,13267.756
DEU,2010,6,17249.022,3016.891,14232.131
DEU,2010,7,17768.651,2883.507,14885.144
DEU,2010,8,18197.674,3050.45,15147.224
DEU,2010,9,17119.978,3229.718,13890.26
DEU,2010,10,16623.814,3230.873,13392.941
DEU,2010,11,10345.339,2363.899,7981.44
DEU,2010,12,9536.869,1504.096,8032.773
DJI,2010,1,34.894,NA,34.894
DJI,2010,2,32.858,NA,32.858
DJI,2010,3,36.515,NA,36.515
DJI,2010,4,30.03,NA,30.03
DJI,2010,5,33.126,NA,33.126
DJI,2010,6,38.403,NA,38.403
DJI,2010,7,39.31,NA,39.31
DJI,2010,8,36.245,NA,36.245
DJI,2010,9,30.248,NA,30.248
DJI,2010,10,30.6,NA,30.6
DJI,2010,11,22.828,NA,22.828
DJI,2010,12,28.768,NA,28.768
DMA,2010,1,14.024,NA,14.024
DMA,2010,2,12.083,NA,12.083
DMA,2010,3,15.371,NA,15.371
DMA,2010,4,15.01,NA,15.01
DMA,2010,5,15.645,NA,15.645
DMA,2010,6,16.311,NA,16.311
DMA,2010,7,17.37,NA,17.37
DMA,2010,8,16.57,NA,16.57
DMA,2010,9,13.299,NA,13.299
DMA,2010,10,13.399,NA,13.399
DMA,2010,11,14.987,NA,14.987
DMA,2010,12,22.483,NA,22.483
DNK,2010,1,1641.136,152.733,1488.403
DNK,2010,2,1656.397,167.167,1489.23
DNK,2010,3,1969.019,200.427,1768.592
DNK,2010,4,1810.331,181.852,1628.479
DNK,2010,5,2120.623,220.761,1899.862
DNK,2010,6,2338.926,240.409,2098.517
DNK,2010,7,2270.604,180.849,2089.755
DNK,2010,8,2435.416,233.5,2201.916
DNK,2010,9,2305.121,258.619,2046.502
DNK,2010,10,2168.154,233.276,1934.878
DNK,2010,11,1481.29,128.73,1352.56
DNK,2010,12,1484.344,133.498,1350.846
DOM,2010,1,796.354,0.778,795.576
DOM,2010,2,684.61,0.724,683.886
DOM,2010,3,784.75,0.74,784.01
DOM,2010,4,650.001,NA,650.001
DOM,2010,5,581.602,NA,581.602
DOM,2010,6,633.992,NA,633.992
DOM,2010,7,722.777,NA,722.777
DOM,2010,8,654.084,NA,654.084
DOM,2010,9,475.905,NA,475.905
DOM,2010,10,512.518,NA,512.518
DOM,2010,11,449.203,NA,449.203
DOM,2010,12,497.06,NA,497.06
DZA,2010,1,544.112,141.866,402.246
DZA,2010,2,492.617,130.027,362.59
DZA,2010,3,558.085,141.971,416.114
DZA,2010,4,260.305,7.567,252.738
DZA,2010,5,297.646,7.563,290.083
DZA,2010,6,316.604,8.397,308.207
DZA,2010,7,334.808,8.867,325.941
DZA,2010,8,332.547,8.294,324.253
DZA,2010,9,286.822,7.817,279.005
DZA,2010,10,286.831,6.848,279.983
DZA,2010,11,87.15,1.567,85.583
DZA,2010,12,94.669,2.317,92.352
ECU,2010,1,472.434,226.7,245.734
ECU,2010,2,415.266,210.657,204.609
ECU,2010,3,465.545,233.032,232.513
ECU,2010,4,458.816,229.982,228.834
ECU,2010,5,520.077,283.362,236.715
ECU,2010,6,529.973,276.986,252.987
ECU,2010,7,572.356,284.813,287.543
ECU,2010,8,553.989,276.391,277.598
ECU,2010,9,504.106,273.227,230.879
ECU,2010,10,493.275,254.405,238.87
ECU,2010,11,538.578,290.807,247.771
ECU,2010,12,629.688,339.927,289.761
EGY,2010,1,1820.17,256.888,1563.282
EGY,2010,2,1610.16,224.262,1385.898
EGY,2010,3,1881.156,252.749,1628.407
EGY,2010,4,1456.228,196.34,1259.888
EGY,2010,5,1527.065,190.096,1336.969
EGY,2010,6,1658.663,207.653,1451.01
EGY,2010,7,1711.256,199.694,1511.562
EGY,2010,8,1684.123,198.924,1485.199
EGY,2010,9,1579.445,203.18,1376.265
EGY,2010,10,1605.214,202.178,1403.036
EGY,2010,11,1286.448,110.031,1176.417
EGY,2010,12,1494.542,124.002,1370.54
ERI,2010,1,22.944,NA,22.944
ERI,2010,2,17.338,NA,17.338
ERI,2010,3,19.636,NA,19.636
ERI,2010,4,19.491,NA,19.491
ERI,2010,5,18.082,NA,18.082
ERI,2010,6,21.993,NA,21.993
ERI,2010,7,25.527,NA,25.527
ERI,2010,8,22.376,NA,22.376
ERI,2010,9,20.11,NA,20.11
ERI,2010,10,20.024,NA,20.024
ERI,2010,11,17.289,NA,17.289
ERI,2010,12,21.214,NA,21.214
ESP,2010,1,9244.275,2952.276,6291.999
ESP,2010,2,8721.972,2943.832,5778.14
ESP,2010,3,11140.412,3727.833,7412.579
ESP,2010,4,10989.704,3635.2,7354.504
ESP,2010,5,12441.265,3734.673,8706.592
ESP,2010,6,13288.24,3877.638,9410.602
ESP,2010,7,13921.148,3765.029,10156.119
ESP,2010,8,14080.793,3771.703,10309.09
ESP,2010,9,12088.876,3482.555,8606.321
ESP,2010,10,11921.672,3679.995,8241.677
ESP,2010,11,6614.694,2563.123,4051.571
ESP,2010,12,7326.874,2719.647,4607.227
EST,2010,1,95.845,2.208,93.637
EST,2010,2,93.985,2.188,91.797
EST,2010,3,113.674,2.441,111.233
EST,2010,4,101.349,2.369,98.98
EST,2010,5,122.927,2.903,120.024
EST,2010,6,144.299,3.924,140.375
EST,2010,7,152.648,4.089,148.559
EST,2010,8,154.445,3.714,150.731
EST,2010,9,133.086,3.521,129.565
EST,2010,10,117.183,2.874,114.309
EST,2010,11,80.332,0.805,79.527
EST,2010,12,90.35,0.873,89.477
ETH,2010,1,386.247,47.79,338.457
ETH,2010,2,321.045,39.407,281.638
ETH,2010,3,374.204,46.454,327.75
ETH,2010,4,357.16,44.333,312.827
ETH,2010,5,386.658,52.307,334.351
ETH,2010,6,439.239,61.032,378.207
ETH,2010,7,478.031,61.658,416.373
ETH,2010,8,448.539,56.404,392.135
ETH,2010,9,394.002,54.188,339.814
ETH,2010,10,381.355,44,337.355
ETH,2010,11,91.704,NA,91.704
ETH,2010,12,112.108,NA,112.108
FIN,2010,1,964.831,196.786,768.045
FIN,2010,2,937.232,206.222,731.01
FIN,2010,3,1170.38,263.985,906.395
FIN,2010,4,1104.075,255.63,848.445
FIN,2010,5,1272.895,238.744,1034.151
FIN,2010,6,1366.144,251.031,1115.113
FIN,2010,7,1274.175,165.782,1108.393
FIN,2010,8,1430.019,248.258,1181.761
FIN,2010,9,1430.043,337.544,1092.499
FIN,2010,10,1306.458,283.283,1023.175
FIN,2010,11,972.911,218.156,754.755
FIN,2010,12,950.711,207.173,743.538
FJI,2010,1,172.123,28.772,143.351
FJI,2010,2,139.169,26.377,112.792
FJI,2010,3,136.874,22.487,114.387
FJI,2010,4,130.728,16.033,114.695
FJI,2010,5,150.147,26.888,123.259
FJI,2010,6,162.621,30.795,131.826
FJI,2010,7,192.884,32.242,160.642
FJI,2010,8,170.62,27.137,143.483
FJI,2010,9,142.24,24.912,117.328
FJI,2010,10,148.165,24.075,124.09
FJI,2010,11,159,28.536,130.464
FJI,2010,12,196.418,37.367,159.051
FLK,2010,1,0.696,NA,0.696
FLK,2010,2,0.674,NA,0.674
FLK,2010,3,0.633,NA,0.633
FLK,2010,4,0.369,NA,0.369
FLK,2010,5,0.549,NA,0.549
FLK,2010,6,0.677,NA,0.677
FLK,2010,7,0.865,NA,0.865
FLK,2010,8,0.408,NA,0.408
FLK,2010,9,0.45,NA,0.45
FLK,2010,10,0.414,NA,0.414
FLK,2010,11,0.391,NA,0.391
FLK,2010,12,1.061,NA,1.061
FRA,2010,1,8906.637,1751.915,7154.722
FRA,2010,2,8384.933,1737.397,6647.536
FRA,2010,3,10031.877,2139.579,7892.298
FRA,2010,4,9502.619,2075.682,7426.937
FRA,2010,5,10630.059,2251.924,8378.135
FRA,2010,6,11339.384,2442.673,8896.711
FRA,2010,7,11884.264,2381.891,9502.373
FRA,2010,8,11899.277,2332.105,9567.172
FRA,2010,9,10965.177,2373.64,8591.537
FRA,2010,10,10678.621,2392.172,8286.449
FRA,2010,11,6391.865,1373.567,5018.298
FRA,2010,12,6906.4,1434.648,5471.752
FRO,2010,1,13.734,NA,13.734
FRO,2010,2,10.037,NA,10.037
FRO,2010,3,12.305,NA,12.305
FRO,2010,4,12.078,NA,12.078
FRO,2010,5,14.125,NA,14.125
FRO,2010,6,21.432,NA,21.432
FRO,2010,7,32.717,NA,32.717
FRO,2010,8,24.731,NA,24.731
FRO,2010,9,15.062,NA,15.062
FRO,2010,10,12.58,NA,12.58
FRO,2010,11,8.791,NA,8.791
FRO,2010,12,9.169,NA,9.169
FSM,2010,1,13.054,3.917,9.137
FSM,2010,2,14.431,4.616,9.815
FSM,2010,3,15.158,4.9,10.258
FSM,2010,4,13.89,6.02,7.87
FSM,2010,5,12.718,5.108,7.61
FSM,2010,6,12.642,4.791,7.851
FSM,2010,7,15.901,6.05,9.851
FSM,2010,8,10.085,3.569,6.516
FSM,2010,9,9.093,3.156,5.937
FSM,2010,10,10.621,3.618,7.003
FSM,2010,11,15.268,5.751,9.517
FSM,2010,12,29.726,10.354,19.372
GAB,2010,1,57.223,8.632,48.591
GAB,2010,2,51.294,7.534,43.76
GAB,2010,3,53.263,6.177,47.086
GAB,2010,4,35.072,NA,35.072
GAB,2010,5,41.402,NA,41.402
GAB,2010,6,48.953,NA,48.953
GAB,2010,7,51.423,NA,51.423
GAB,2010,8,48.037,NA,48.037
GAB,2010,9,38.788,NA,38.788
GAB,2010,10,34.451,NA,34.451
GAB,2010,11,30.984,NA,30.984
GAB,2010,12,32.582,NA,32.582
GBR,2010,1,13556.505,1832.313,11724.192
GBR,2010,2,12330.797,1753.504,10577.293
GBR,2010,3,15087.732,2194.968,12892.764
GBR,2010,4,14419.968,2221.372,12198.596
GBR,2010,5,16534.209,2486.126,14048.083
GBR,2010,6,17810.123,2733.224,15076.899
GBR,2010,7,18848.952,2690.672,16158.28
GBR,2010,8,19350.81,2845.757,16505.053
GBR,2010,9,17211.493,2719.672,14491.821
GBR,2010,10,16450.413,2599.181,13851.232
GBR,2010,11,10218.994,930.668,9288.326
GBR,2010,12,11066.354,930.477,10135.877
GEO,2010,1,90.612,NA,90.612
GEO,2010,2,76.307,NA,76.307
GEO,2010,3,88.683,NA,88.683
GEO,2010,4,62.336,NA,62.336
GEO,2010,5,70.64,NA,70.64
GEO,2010,6,82.968,NA,82.968
GEO,2010,7,87.564,NA,87.564
GEO,2010,8,85.971,NA,85.971
GEO,2010,9,72.82,NA,72.82
GEO,2010,10,70.857,NA,70.857
GEO,2010,11,53.227,NA,53.227
GEO,2010,12,60.018,NA,60.018
GHA,2010,1,180.081,6.433,173.648
GHA,2010,2,144.566,5.152,139.414
GHA,2010,3,162.425,6.238,156.187
GHA,2010,4,146.028,8.187,137.841
GHA,2010,5,156.012,7.699,148.313
GHA,2010,6,167.027,8.355,158.672
GHA,2010,7,186.887,8.218,178.669
GHA,2010,8,178.316,7.935,170.381
GHA,2010,9,160.585,7.22,153.365
GHA,2010,10,158.458,7.963,150.495
GHA,2010,11,150.273,6.438,143.835
GHA,2010,12,171.268,7.45,163.818
GIB,2010,1,20.319,NA,20.319
GIB,2010,2,17.635,NA,17.635
GIB,2010,3,23.185,NA,23.185
GIB,2010,4,22.625,NA,22.625
GIB,2010,5,25.288,NA,25.288
GIB,2010,6,27.759,NA,27.759
GIB,2010,7,29.306,NA,29.306
GIB,2010,8,30.004,NA,30.004
GIB,2010,9,26.984,NA,26.984
GIB,2010,10,26.065,NA,26.065
GIB,2010,11,14.693,NA,14.693
GIB,2010,12,16.423,NA,16.423
GIN,2010,1,26.709,0.138,26.571
GIN,2010,2,25.176,0.132,25.044
GIN,2010,3,27.097,0.167,26.93
GIN,2010,4,16.467,0.148,16.319
GIN,2010,5,18.902,0.173,18.729
GIN,2010,6,21.149,0.152,20.997
GIN,2010,7,21.879,0.152,21.727
GIN,2010,8,17.959,0.157,17.802
GIN,2010,9,16.2,0.152,16.048
GIN,2010,10,16.529,0.109,16.42
GIN,2010,11,11.849,0.134,11.715
GIN,2010,12,13.923,0.114,13.809
GLP,2010,1,141.558,5.144,136.414
GLP,2010,2,134.383,6.053,128.33
GLP,2010,3,140.485,6.498,133.987
GLP,2010,4,123.628,3.35,120.278
GLP,2010,5,107.855,3.03,104.825
GLP,2010,6,114.644,3.052,111.592
GLP,2010,7,149.253,3.475,145.778
GLP,2010,8,133.78,3.027,130.753
GLP,2010,9,88.726,2.423,86.303
GLP,2010,10,101.137,3.272,97.865
GLP,2010,11,44.91,0.998,43.912
GLP,2010,12,61.327,1.799,59.528
GMB,2010,1,38.021,NA,38.021
GMB,2010,2,33.549,NA,33.549
GMB,2010,3,36.309,NA,36.309
GMB,2010,4,21.369,NA,21.369
GMB,2010,5,24.816,NA,24.816
GMB,2010,6,28.345,NA,28.345
GMB,2010,7,28.757,NA,28.757
GMB,2010,8,23.4,NA,23.4
GMB,2010,9,23.034,NA,23.034
GMB,2010,10,19.259,NA,19.259
GMB,2010,11,18.163,NA,18.163
GMB,2010,12,23.435,NA,23.435
GNB,2010,1,8.756,NA,8.756
GNB,2010,2,7.789,NA,7.789
GNB,2010,3,8.482,NA,8.482
GNB,2010,4,6.364,NA,6.364
GNB,2010,5,7.061,NA,7.061
GNB,2010,6,8.802,NA,8.802
GNB,2010,7,9.138,NA,9.138
GNB,2010,8,6.335,NA,6.335
GNB,2010,9,6.49,NA,6.49
GNB,2010,10,5.956,NA,5.956
GNB,2010,11,5.86,NA,5.86
GNB,2010,12,7.99,NA,7.99
GNQ,2010,1,13.6,NA,13.6
GNQ,2010,2,12.979,NA,12.979
GNQ,2010,3,13.984,NA,13.984
GNQ,2010,4,11.301,NA,11.301
GNQ,2010,5,15.622,NA,15.622
GNQ,2010,6,16.587,NA,16.587
GNQ,2010,7,17.229,NA,17.229
GNQ,2010,8,16.271,NA,16.271
GNQ,2010,9,13.043,NA,13.043
GNQ,2010,10,13.086,NA,13.086
GNQ,2010,11,10.262,NA,10.262
GNQ,2010,12,10.392,NA,10.392
GRC,2010,1,1542.979,582.371,960.608
GRC,2010,2,1443.8,573.921,869.879
GRC,2010,3,1754.351,695.331,1059.02
GRC,2010,4,1766.11,671.334,1094.776
GRC,2010,5,2418.168,738.548,1679.62
GRC,2010,6,2792.436,813.049,1979.387
GRC,2010,7,3005.797,803.907,2201.89
GRC,2010,8,3032.02,822.254,2209.766
GRC,2010,9,2591.214,767.835,1823.379
GRC,2010,10,2360.574,786.774,1573.8
GRC,2010,11,1131.715,427.309,704.406
GRC,2010,12,1288.449,466.148,822.301
GRD,2010,1,30.287,NA,30.287
GRD,2010,2,25.78,NA,25.78
GRD,2010,3,27.327,NA,27.327
GRD,2010,4,24.291,NA,24.291
GRD,2010,5,25.782,NA,25.782
GRD,2010,6,26.213,NA,26.213
GRD,2010,7,29.896,NA,29.896
GRD,2010,8,24.717,NA,24.717
GRD,2010,9,22.38,NA,22.38
GRD,2010,10,22.59,NA,22.59
GRD,2010,11,26.877,NA,26.877
GRD,2010,12,33.588,NA,33.588
GRL,2010,1,22.564,15.482,7.082
GRL,2010,2,21.404,14.706,6.698
GRL,2010,3,22.188,14.787,7.401
GRL,2010,4,19.741,13.731,6.01
GRL,2010,5,27.265,20.147,7.118
GRL,2010,6,45.84,28.525,17.315
GRL,2010,7,60.484,30.787,29.697
GRL,2010,8,38.988,17.452,21.536
GRL,2010,9,29.701,20.418,9.283
GRL,2010,10,22.049,16.48,5.569
GRL,2010,11,18.358,13.779,4.579
GRL,2010,12,36.589,31.283,5.306
GTM,2010,1,190.423,4.576,185.847
GTM,2010,2,158.338,4.147,154.191
GTM,2010,3,183.831,4.893,178.938
GTM,2010,4,173.811,4.687,169.124
GTM,2010,5,168.296,5.439,162.857
GTM,2010,6,173.092,5.421,167.671
GTM,2010,7,207.281,6.005,201.276
GTM,2010,8,191.922,5.372,186.55
GTM,2010,9,154.504,5.252,149.252
GTM,2010,10,164.076,4.403,159.673
GTM,2010,11,181.129,5.174,175.955
GTM,2010,12,217.687,6.192,211.495
GUF,2010,1,31.448,NA,31.448
GUF,2010,2,28.696,NA,28.696
GUF,2010,3,30.378,NA,30.378
GUF,2010,4,31.015,NA,31.015
GUF,2010,5,27.998,NA,27.998
GUF,2010,6,31.563,NA,31.563
GUF,2010,7,41.657,NA,41.657
GUF,2010,8,35.15,NA,35.15
GUF,2010,9,27.663,NA,27.663
GUF,2010,10,25.198,NA,25.198
GUF,2010,11,17.969,NA,17.969
GUF,2010,12,24.617,NA,24.617
GUM,2010,1,291.268,NA,291.268
GUM,2010,2,257.86,NA,257.86
GUM,2010,3,283.187,NA,283.187
GUM,2010,4,237.624,NA,237.624
GUM,2010,5,248.737,NA,248.737
GUM,2010,6,249.71,NA,249.71
GUM,2010,7,291.278,NA,291.278
GUM,2010,8,255.136,NA,255.136
GUM,2010,9,200.633,NA,200.633
GUM,2010,10,222.702,NA,222.702
GUM,2010,11,253.41,NA,253.41
GUM,2010,12,301.326,NA,301.326
GUY,2010,1,36.1,NA,36.1
GUY,2010,2,29.431,NA,29.431
GUY,2010,3,31.404,NA,31.404
GUY,2010,4,28.895,NA,28.895
GUY,2010,5,29.097,NA,29.097
GUY,2010,6,30.212,NA,30.212
GUY,2010,7,43.077,NA,43.077
GUY,2010,8,37.011,NA,37.011
GUY,2010,9,25.172,NA,25.172
GUY,2010,10,25.331,NA,25.331
GUY,2010,11,31.427,NA,31.427
GUY,2010,12,39.533,NA,39.533
HKG,2010,1,3852.669,NA,3852.669
HKG,2010,2,3336.817,NA,3336.817
HKG,2010,3,3840.591,NA,3840.591
HKG,2010,4,3620.82,NA,3620.82
HKG,2010,5,3624.577,NA,3624.577
HKG,2010,6,3448.171,NA,3448.171
HKG,2010,7,4043.113,NA,4043.113
HKG,2010,8,3607.561,NA,3607.561
HKG,2010,9,3602.989,NA,3602.989
HKG,2010,10,4152.602,NA,4152.602
HKG,2010,11,3957.72,NA,3957.72
HKG,2010,12,4289.535,NA,4289.535
HND,2010,1,130.994,30.465,100.529
HND,2010,2,114.998,29.029,85.969
HND,2010,3,130.977,32.071,98.906
HND,2010,4,125.4,30.93,94.47
HND,2010,5,132.806,37.354,95.452
HND,2010,6,155.723,38.746,116.977
HND,2010,7,183.818,39.809,144.009
HND,2010,8,163.037,35.84,127.197
HND,2010,9,123.717,35.648,88.069
HND,2010,10,126.663,29.635,97.028
HND,2010,11,140.561,36.08,104.481
HND,2010,12,168.167,42.911,125.256
HRV,2010,1,190.117,33.741,156.376
HRV,2010,2,179.266,33.978,145.288
HRV,2010,3,242.167,49.536,192.631
HRV,2010,4,328.956,52.415,276.541
HRV,2010,5,451.311,66.744,384.567
HRV,2010,6,540.676,76.462,464.214
HRV,2010,7,645.316,77.905,567.411
HRV,2010,8,646.732,74.645,572.087
HRV,2010,9,487.57,65.736,421.834
HRV,2010,10,425.48,62,363.48
HRV,2010,11,192.863,40.804,152.059
HRV,2010,12,207.619,45.659,161.96
HTI,2010,1,83.445,NA,83.445
HTI,2010,2,76.807,NA,76.807
HTI,2010,3,92.582,NA,92.582
HTI,2010,4,85.216,NA,85.216
HTI,2010,5,90.322,NA,90.322
HTI,2010,6,105.152,NA,105.152
HTI,2010,7,117.74,NA,117.74
HTI,2010,8,99.206,NA,99.206
HTI,2010,9,80.19,NA,80.19
HTI,2010,10,89.288,NA,89.288
HTI,2010,11,90.725,NA,90.725
HTI,2010,12,94.084,NA,94.084
HUN,2010,1,581.388,NA,581.388
HUN,2010,2,521.824,NA,521.824
HUN,2010,3,691.103,NA,691.103
HUN,2010,4,717.713,NA,717.713
HUN,2010,5,821.568,NA,821.568
HUN,2010,6,897.748,NA,897.748
HUN,2010,7,945.467,NA,945.467
HUN,2010,8,970.768,NA,970.768
HUN,2010,9,855.26,NA,855.26
HUN,2010,10,816.01,NA,816.01
HUN,2010,11,493.026,NA,493.026
HUN,2010,12,547.842,NA,547.842
IDN,2010,1,4529.716,2902.983,1626.733
IDN,2010,2,3570.464,2296.851,1273.613
IDN,2010,3,3481.307,2149.561,1331.746
IDN,2010,4,3365.555,2124.842,1240.713
IDN,2010,5,4107.323,2635.315,1472.008
IDN,2010,6,4211.159,2671.352,1539.807
IDN,2010,7,4398.964,2725.434,1673.53
IDN,2010,8,3964.472,2482.063,1482.409
IDN,2010,9,3894.972,2518.422,1376.55
IDN,2010,10,4487.608,2991.99,1495.618
IDN,2010,11,5009.031,3395.494,1613.537
IDN,2010,12,4902.69,3301.972,1600.718
IND,2010,1,6948.853,3896.727,3052.126
IND,2010,2,5847.228,3278.959,2568.269
IND,2010,3,6733.623,3832.332,2901.291
IND,2010,4,7018.764,4187.097,2831.667
IND,2010,5,7645.789,4578.646,3067.143
IND,2010,6,7248.164,4154.674,3093.49
IND,2010,7,6971.725,3725.358,3246.367
IND,2010,8,6374.93,3553.467,2821.463
IND,2010,9,6932.313,4247.665,2684.648
IND,2010,10,7975.456,5049.727,2925.729
IND,2010,11,8109.049,5203.519,2905.53
IND,2010,12,8660.249,5424.274,3235.975
IRL,2010,1,1812.793,85.975,1726.818
IRL,2010,2,1652.919,87.417,1565.502
IRL,2010,3,1955.525,100.433,1855.092
IRL,2010,4,1800.92,86.13,1714.79
IRL,2010,5,2125.745,96.598,2029.147
IRL,2010,6,2261.185,101.979,2159.206
IRL,2010,7,2368.089,101.176,2266.913
IRL,2010,8,2469.374,108.068,2361.306
IRL,2010,9,2173.922,101.467,2072.455
IRL,2010,10,2036.036,97.91,1938.126
IRL,2010,11,1340.574,87.013,1253.561
IRL,2010,12,1518.934,92.989,1425.945
IRN,2010,1,1289.119,818.314,470.805
IRN,2010,2,1141.224,721.571,419.653
IRN,2010,3,1195.016,727.44,467.576
IRN,2010,4,733.752,338.31,395.442
IRN,2010,5,817.013,378.391,438.622
IRN,2010,6,895.829,434.517,461.312
IRN,2010,7,905.664,433.761,471.903
IRN,2010,8,870.921,415.472,455.449
IRN,2010,9,793.941,393.864,400.077
IRN,2010,10,729.371,367.387,361.984
IRN,2010,11,721.619,371.557,350.062
IRN,2010,12,845.611,431.591,414.02
IRQ,2010,1,91.798,13.927,77.871
IRQ,2010,2,84.412,12.594,71.818
IRQ,2010,3,102.038,15.475,86.563
IRQ,2010,4,87.032,14.538,72.494
IRQ,2010,5,95.618,15.879,79.739
IRQ,2010,6,110.062,19.341,90.721
IRQ,2010,7,109.237,17.682,91.555
IRQ,2010,8,100.762,16.551,84.211
IRQ,2010,9,95.719,15.016,80.703
IRQ,2010,10,97.837,14.82,83.017
IRQ,2010,11,88.039,14.551,73.488
IRQ,2010,12,105.633,17.255,88.378
ISL,2010,1,133.07,11.722,121.348
ISL,2010,2,120.013,12.844,107.169
ISL,2010,3,140.085,12.959,127.126
ISL,2010,4,132.966,11.968,120.998
ISL,2010,5,180.54,16.84,163.7
ISL,2010,6,346.583,23.085,323.498
ISL,2010,7,397.462,23.963,373.499
ISL,2010,8,390.093,18.366,371.727
ISL,2010,9,172.141,16.982,155.159
ISL,2010,10,123.546,12.792,110.754
ISL,2010,11,79.994,NA,79.994
ISL,2010,12,79.101,NA,79.101
ISR,2010,1,725.212,31.724,693.488
ISR,2010,2,641.259,25.741,615.518
ISR,2010,3,788.856,33.387,755.469
ISR,2010,4,783.018,26.717,756.301
ISR,2010,5,837.266,32.826,804.44
ISR,2010,6,917.102,30.279,886.823
ISR,2010,7,971.129,27.147,943.982
ISR,2010,8,1005.842,26.652,979.19
ISR,2010,9,827.714,32.607,795.107
ISR,2010,10,896.803,29.641,867.162
ISR,2010,11,696.72,30.117,666.603
ISR,2010,12,793.084,40.339,752.745
ITA,2010,1,7930.854,2614.88,5315.974
ITA,2010,2,7498.579,2577.577,4921.002
ITA,2010,3,9243.913,3191.2,6052.713
ITA,2010,4,8991.513,3031.421,5960.092
ITA,2010,5,10111.247,3217.191,6894.056
ITA,2010,6,11000.231,3576.577,7423.654
ITA,2010,7,11413.555,3578.81,7834.745
ITA,2010,8,11202.641,3372.217,7830.424
ITA,2010,9,10220.809,3346.88,6873.929
ITA,2010,10,9452.402,2856.295,6596.107
ITA,2010,11,4986.187,1384.961,3601.226
ITA,2010,12,5423.881,1483.506,3940.375
JAM,2010,1,378.515,13.063,365.452
JAM,2010,2,365.72,13.778,351.942
JAM,2010,3,437.287,15.227,422.06
JAM,2010,4,334.294,16.483,317.811
JAM,2010,5,367.207,14.386,352.821
JAM,2010,6,392.342,12.904,379.438
JAM,2010,7,434.445,13.426,421.019
JAM,2010,8,394.022,14.038,379.984
JAM,2010,9,265.28,10.823,254.457
JAM,2010,10,279.415,13.164,266.251
JAM,2010,11,282.518,13.339,269.179
JAM,2010,12,319.179,15.633,303.546
JOR,2010,1,483.53,7.878,475.652
JOR,2010,2,443.092,8.008,435.084
JOR,2010,3,526.77,10.015,516.755
JOR,2010,4,477.525,6.844,470.681
JOR,2010,5,526.136,11.987,514.149
JOR,2010,6,601.069,8.298,592.771
JOR,2010,7,627.033,8.072,618.961
JOR,2010,8,610.99,8.473,602.517
JOR,2010,9,530.581,7.896,522.685
JOR,2010,10,534.01,9.612,524.398
JOR,2010,11,474.119,7.88,466.239
JOR,2010,12,565.38,8.738,556.642
JPN,2010,1,10160.88,5852.932,4307.948
JPN,2010,2,9326.555,5562.969,3763.586
JPN,2010,3,10987.271,6558.973,4428.298
JPN,2010,4,10584.217,6443.836,4140.381
JPN,2010,5,11337.389,6795.562,4541.827
JPN,2010,6,10690.869,6214.053,4476.816
JPN,2010,7,12190.287,7197.787,4992.5
JPN,2010,8,11066.975,6379.218,4687.757
JPN,2010,9,10727.616,6487.308,4240.308
JPN,2010,10,12420.147,7780.587,4639.56
JPN,2010,11,11768.342,7493.376,4274.966
JPN,2010,12,11615.237,7041.463,4573.774
KAZ,2010,1,290.608,117.272,173.336
KAZ,2010,2,258.57,103.328,155.242
KAZ,2010,3,321.267,123.771,197.496
KAZ,2010,4,199.688,33.435,166.253
KAZ,2010,5,229.306,39.043,190.263
KAZ,2010,6,274.18,47.584,226.596
KAZ,2010,7,290.365,48.78,241.585
KAZ,2010,8,290.46,47.956,242.504
KAZ,2010,9,251.747,42.593,209.154
KAZ,2010,10,230.722,35.846,194.876
KAZ,2010,11,65.722,4.526,61.196
KAZ,2010,12,71.449,6.097,65.352
KEN,2010,1,606.404,128.718,477.686
KEN,2010,2,498.702,100.481,398.221
KEN,2010,3,570.215,118.431,451.784
KEN,2010,4,486.616,92.921,393.695
KEN,2010,5,543.055,108.731,434.324
KEN,2010,6,619.809,130.18,489.629
KEN,2010,7,687.04,140.598,546.442
KEN,2010,8,679.615,140.758,538.857
KEN,2010,9,585.172,120.742,464.43
KEN,2010,10,573.054,122.055,450.999
KEN,2010,11,577.128,121.085,456.043
KEN,2010,12,661.697,133.563,528.134
KGZ,2010,1,57.369,11.977,45.392
KGZ,2010,2,53.745,11.549,42.196
KGZ,2010,3,65.749,14.118,51.631
KGZ,2010,4,42.11,7.131,34.979
KGZ,2010,5,46.613,9.2,37.413
KGZ,2010,6,56.369,11.28,45.089
KGZ,2010,7,61.997,11.526,50.471
KGZ,2010,8,59.776,10.268,49.508
KGZ,2010,9,52.55,9.645,42.905
KGZ,2010,10,44.003,6.86,37.143
KGZ,2010,11,26.981,6.375,20.606
KGZ,2010,12,31.539,8.025,23.514
KHM,2010,1,338.116,42.396,295.72
KHM,2010,2,285.988,39.704,246.284
KHM,2010,3,308.129,43.681,264.448
KHM,2010,4,305.213,45.926,259.287
KHM,2010,5,306.389,48.18,258.209
KHM,2010,6,301.06,47.844,253.216
KHM,2010,7,327.405,46.726,280.679
KHM,2010,8,295.185,41.302,253.883
KHM,2010,9,283.994,43.393,240.601
KHM,2010,10,328.591,51.622,276.969
KHM,2010,11,326.71,52.27,274.44
KHM,2010,12,360.771,57.466,303.305
KIR,2010,1,1.149,NA,1.149
KIR,2010,2,1.331,NA,1.331
KIR,2010,3,1.425,NA,1.425
KIR,2010,4,1.409,NA,1.409
KIR,2010,5,1.072,NA,1.072
KIR,2010,6,1.514,NA,1.514
KIR,2010,7,1.754,NA,1.754
KIR,2010,8,1.415,NA,1.415
KIR,2010,9,1.267,NA,1.267
KIR,2010,10,0.965,NA,0.965
KIR,2010,11,1.26,NA,1.26
KIR,2010,12,2.055,NA,2.055
KNA,2010,1,26.65,0.199,26.451
KNA,2010,2,26.355,0.386,25.969
KNA,2010,3,27.209,0.236,26.973
KNA,2010,4,23.71,0.256,23.454
KNA,2010,5,25.644,0.371,25.273
KNA,2010,6,25.322,0.301,25.021
KNA,2010,7,28.717,0.216,28.501
KNA,2010,8,28.006,0.214,27.792
KNA,2010,9,22.349,0.383,21.966
KNA,2010,10,24.645,0.228,24.417
KNA,2010,11,24.8,0.138,24.662
KNA,2010,12,33.081,0.154,32.927
KOR,2010,1,3683.846,900.475,2783.371
KOR,2010,2,3214.603,883.089,2331.514
KOR,2010,3,3954.041,1033.647,2920.394
KOR,2010,4,3761.96,1029.171,2732.789
KOR,2010,5,4133.442,1157.691,2975.751
KOR,2010,6,3950.349,1021.191,2929.158
KOR,2010,7,4315.922,1018.207,3297.715
KOR,2010,8,4457.976,936.682,3521.294
KOR,2010,9,4021.712,1040.382,2981.33
KOR,2010,10,4344.712,1230.995,3113.717
KOR,2010,11,3890.459,1171.822,2718.637
KOR,2010,12,4170.807,1207.989,2962.818
KWT,2010,1,908.664,NA,908.664
KWT,2010,2,819.091,NA,819.091
KWT,2010,3,909.118,NA,909.118
KWT,2010,4,789.352,NA,789.352
KWT,2010,5,878.477,NA,878.477
KWT,2010,6,955.296,NA,955.296
KWT,2010,7,937.452,NA,937.452
KWT,2010,8,837.781,NA,837.781
KWT,2010,9,813.815,NA,813.815
KWT,2010,10,848.891,NA,848.891
KWT,2010,11,783.281,NA,783.281
KWT,2010,12,968.077,NA,968.077
LAO,2010,1,95.532,23.884,71.648
LAO,2010,2,82.214,20.92,61.294
LAO,2010,3,90.562,23.581,66.981
LAO,2010,4,91.76,24.051,67.709
LAO,2010,5,89.148,24.262,64.886
LAO,2010,6,91.965,25.875,66.09
LAO,2010,7,102.993,30.45,72.543
LAO,2010,8,82.781,22.806,59.975
LAO,2010,9,87.285,25.25,62.035
LAO,2010,10,91.257,24.059,67.198
LAO,2010,11,83.114,26.11,57.004
LAO,2010,12,100.752,33.112,67.64
LBN,2010,1,515.283,NA,515.283
LBN,2010,2,458.118,NA,458.118
LBN,2010,3,519.823,NA,519.823
LBN,2010,4,447.318,NA,447.318
LBN,2010,5,475.277,NA,475.277
LBN,2010,6,517.501,NA,517.501
LBN,2010,7,559.429,NA,559.429
LBN,2010,8,552.626,NA,552.626
LBN,2010,9,500.305,NA,500.305
LBN,2010,10,507.365,NA,507.365
LBN,2010,11,385.049,NA,385.049
LBN,2010,12,449.434,NA,449.434
LBR,2010,1,20.673,0.342,20.331
LBR,2010,2,15.373,0.304,15.069
LBR,2010,3,17.943,0.342,17.601
LBR,2010,4,15.246,0.298,14.948
LBR,2010,5,15.607,0.318,15.289
LBR,2010,6,15.977,0.342,15.635
LBR,2010,7,23.243,0.304,22.939
LBR,2010,8,20.757,0.342,20.415
LBR,2010,9,15.861,0.342,15.519
LBR,2010,10,15.668,0.248,15.42
LBR,2010,11,11.278,0.211,11.067
LBR,2010,12,13.995,0.286,13.709
LBY,2010,1,421.321,75.219,346.102
LBY,2010,2,381.563,72.553,309.01
LBY,2010,3,431.518,83.955,347.563
LBY,2010,4,284.501,65.14,219.361
LBY,2010,5,308.613,67.5,241.113
LBY,2010,6,339.036,77.334,261.702
LBY,2010,7,350.019,79.13,270.889
LBY,2010,8,327.85,70.436,257.414
LBY,2010,9,299.35,65.894,233.456
LBY,2010,10,308.876,71.514,237.362
LBY,2010,11,278.335,75.378,202.957
LBY,2010,12,334.878,88.931,245.947
LCA,2010,1,84.291,NA,84.291
LCA,2010,2,74.506,NA,74.506
LCA,2010,3,80.637,NA,80.637
LCA,2010,4,71.938,NA,71.938
LCA,2010,5,71.682,NA,71.682
LCA,2010,6,70.205,NA,70.205
LCA,2010,7,81.588,NA,81.588
LCA,2010,8,71.597,NA,71.597
LCA,2010,9,52.644,NA,52.644
LCA,2010,10,60.032,NA,60.032
LCA,2010,11,65.517,NA,65.517
LCA,2010,12,75.179,NA,75.179
LKA,2010,1,442.659,NA,442.659
LKA,2010,2,388.077,NA,388.077
LKA,2010,3,417.075,NA,417.075
LKA,2010,4,439.57,NA,439.57
LKA,2010,5,448.599,NA,448.599
LKA,2010,6,439.093,NA,439.093
LKA,2010,7,459.966,NA,459.966
LKA,2010,8,426.719,NA,426.719
LKA,2010,9,395.287,NA,395.287
LKA,2010,10,416.941,NA,416.941
LKA,2010,11,475.146,NA,475.146
LKA,2010,12,511.903,NA,511.903
LSO,2010,1,3.854,NA,3.854
LSO,2010,2,4.116,NA,4.116
LSO,2010,3,4.512,NA,4.512
LSO,2010,4,3.997,NA,3.997
LSO,2010,5,4.71,NA,4.71
LSO,2010,6,5.352,NA,5.352
LSO,2010,7,5.882,NA,5.882
LSO,2010,8,5.819,NA,5.819
LSO,2010,9,5.219,NA,5.219
LSO,2010,10,4.109,NA,4.109
LSO,2010,11,4.354,NA,4.354
LSO,2010,12,4.461,NA,4.461
LTU,2010,1,153.152,NA,153.152
LTU,2010,2,142.476,NA,142.476
LTU,2010,3,170.597,NA,170.597
LTU,2010,4,163.057,NA,163.057
LTU,2010,5,191.537,NA,191.537
LTU,2010,6,215.367,NA,215.367
LTU,2010,7,231.276,NA,231.276
LTU,2010,8,231.402,NA,231.402
LTU,2010,9,201.314,NA,201.314
LTU,2010,10,183.391,NA,183.391
LTU,2010,11,112.296,NA,112.296
LTU,2010,12,120.627,NA,120.627
LUX,2010,1,117.312,NA,117.312
LUX,2010,2,115.084,NA,115.084
LUX,2010,3,140.792,NA,140.792
LUX,2010,4,149.09,NA,149.09
LUX,2010,5,175.002,NA,175.002
LUX,2010,6,194.113,NA,194.113
LUX,2010,7,221.334,NA,221.334
LUX,2010,8,226.785,NA,226.785
LUX,2010,9,194.667,NA,194.667
LUX,2010,10,168.626,NA,168.626
LUX,2010,11,41.028,NA,41.028
LUX,2010,12,42.721,NA,42.721
LVA,2010,1,366.337,NA,366.337
LVA,2010,2,322.783,NA,322.783
LVA,2010,3,393.626,NA,393.626
LVA,2010,4,399.16,NA,399.16
LVA,2010,5,482.965,NA,482.965
LVA,2010,6,542.957,NA,542.957
LVA,2010,7,573.868,NA,573.868
LVA,2010,8,587.129,NA,587.129
LVA,2010,9,508.122,NA,508.122
LVA,2010,10,472.562,NA,472.562
LVA,2010,11,350.613,NA,350.613
LVA,2010,12,396.186,NA,396.186
MAC,2010,1,347.611,NA,347.611
MAC,2010,2,304.25,NA,304.25
MAC,2010,3,359.654,NA,359.654
MAC,2010,4,315.538,NA,315.538
MAC,2010,5,307.695,NA,307.695
MAC,2010,6,304.78,NA,304.78
MAC,2010,7,357.825,NA,357.825
MAC,2010,8,314.926,NA,314.926
MAC,2010,9,309.568,NA,309.568
MAC,2010,10,364.93,NA,364.93
MAC,2010,11,379.532,NA,379.532
MAC,2010,12,416.914,NA,416.914
MAR,2010,1,1172.037,108.298,1063.739
MAR,2010,2,1082.617,99.698,982.919
MAR,2010,3,1306.801,118.724,1188.077
MAR,2010,4,1176.378,106.069,1070.309
MAR,2010,5,1258.244,112.373,1145.871
MAR,2010,6,1362.124,123.813,1238.311
MAR,2010,7,1457.013,119.597,1337.416
MAR,2010,8,1464.538,121.861,1342.677
MAR,2010,9,1255.59,116.237,1139.353
MAR,2010,10,1239.556,114.922,1124.634
MAR,2010,11,361.701,NA,361.701
MAR,2010,12,407.886,NA,407.886
MCO,2010,1,0.992,NA,0.992
MCO,2010,2,1.699,NA,1.699
MCO,2010,3,1.194,NA,1.194
MCO,2010,4,1.495,NA,1.495
MCO,2010,5,1.931,NA,1.931
MCO,2010,6,1.157,NA,1.157
MCO,2010,7,0.878,NA,0.878
MCO,2010,8,1.044,NA,1.044
MCO,2010,9,1.638,NA,1.638
MCO,2010,10,1.254,NA,1.254
MCO,2010,11,0.74,NA,0.74
MCO,2010,12,0.684,NA,0.684
MDA,2010,1,72,NA,72
MDA,2010,2,64.096,NA,64.096
MDA,2010,3,78.387,NA,78.387
MDA,2010,4,60.398,NA,60.398
MDA,2010,5,70.571,NA,70.571
MDA,2010,6,84.407,NA,84.407
MDA,2010,7,89.175,NA,89.175
MDA,2010,8,88.655,NA,88.655
MDA,2010,9,76.039,NA,76.039
MDA,2010,10,62.92,NA,62.92
MDA,2010,11,23.788,NA,23.788
MDA,2010,12,26.36,NA,26.36
MDG,2010,1,111.671,44.19,67.481
MDG,2010,2,86.826,35.008,51.818
MDG,2010,3,90.418,32.989,57.429
MDG,2010,4,89.297,33.077,56.22
MDG,2010,5,100.224,39.201,61.023
MDG,2010,6,114.131,43.987,70.144
MDG,2010,7,126.486,47.453,79.033
MDG,2010,8,117.54,44.901,72.639
MDG,2010,9,103.796,40.437,63.359
MDG,2010,10,83.454,30.391,53.063
MDG,2010,11,19.751,NA,19.751
MDG,2010,12,23.089,NA,23.089
MDV,2010,1,243.496,19.033,224.463
MDV,2010,2,227.843,18.12,209.723
MDV,2010,3,247.299,18.858,228.441
MDV,2010,4,194.214,14.163,180.051
MDV,2010,5,188.233,21,167.233
MDV,2010,6,184.989,24.702,160.287
MDV,2010,7,205.315,22.414,182.901
MDV,2010,8,209.552,19.518,190.034
MDV,2010,9,180.643,25.219,155.424
MDV,2010,10,173.715,18.185,155.53
MDV,2010,11,170.517,17.418,153.099
MDV,2010,12,222.252,32.041,190.211
MEX,2010,1,4461.523,2104.72,2356.803
MEX,2010,2,3929.422,1794.591,2134.831
MEX,2010,3,4808.984,2273.672,2535.312
MEX,2010,4,4251.52,2175.807,2075.713
MEX,2010,5,4261.52,2289.706,1971.814
MEX,2010,6,4468.091,2384.696,2083.395
MEX,2010,7,4912.624,2535.441,2377.183
MEX,2010,8,4587.169,2429.768,2157.401
MEX,2010,9,3780.368,2132.854,1647.514
MEX,2010,10,4069.248,2303.21,1766.038
MEX,2010,11,4108.113,2312.757,1795.356
MEX,2010,12,4603.244,2470.928,2132.316
MHL,2010,1,5.787,1.909,3.878
MHL,2010,2,6.197,2.013,4.184
MHL,2010,3,6.308,1.975,4.333
MHL,2010,4,5.08,1.485,3.595
MHL,2010,5,5.676,2.044,3.632
MHL,2010,6,6.755,2.716,4.039
MHL,2010,7,7.134,2.631,4.503
MHL,2010,8,4.882,1.665,3.217
MHL,2010,9,5.73,2.272,3.458
MHL,2010,10,5.274,1.822,3.452
MHL,2010,11,5.971,1.911,4.06
MHL,2010,12,13.115,4.879,8.236
MKD,2010,1,38.172,NA,38.172
MKD,2010,2,36.233,NA,36.233
MKD,2010,3,43.704,NA,43.704
MKD,2010,4,40.831,NA,40.831
MKD,2010,5,46.599,NA,46.599
MKD,2010,6,55.501,NA,55.501
MKD,2010,7,60.501,NA,60.501
MKD,2010,8,58.04,NA,58.04
MKD,2010,9,49.169,NA,49.169
MKD,2010,10,41.743,NA,41.743
MKD,2010,11,33.285,NA,33.285
MKD,2010,12,37.143,NA,37.143
MLI,2010,1,91.055,1.927,89.128
MLI,2010,2,74.499,1.422,73.077
MLI,2010,3,79.959,1.57,78.389
MLI,2010,4,47.131,1.627,45.504
MLI,2010,5,52.373,1.976,50.397
MLI,2010,6,58.659,2.11,56.549
MLI,2010,7,61.901,2.178,59.723
MLI,2010,8,55.776,1.986,53.79
MLI,2010,9,48.4,2.027,46.373
MLI,2010,10,48.855,1.472,47.383
MLI,2010,11,30.917,1.116,29.801
MLI,2010,12,39.286,1.678,37.608
MLT,2010,1,205.317,NA,205.317
MLT,2010,2,189.647,NA,189.647
MLT,2010,3,237.082,NA,237.082
MLT,2010,4,269.409,NA,269.409
MLT,2010,5,307.115,NA,307.115
MLT,2010,6,342.913,NA,342.913
MLT,2010,7,356.169,NA,356.169
MLT,2010,8,358.864,NA,358.864
MLT,2010,9,302.638,NA,302.638
MLT,2010,10,296.045,NA,296.045
MLT,2010,11,262.682,NA,262.682
MLT,2010,12,307.278,NA,307.278
MMR,2010,1,203.856,106.449,97.407
MMR,2010,2,171.186,89.66,81.526
MMR,2010,3,191.335,103.124,88.211
MMR,2010,4,193.582,107.873,85.709
MMR,2010,5,164.887,102.629,62.258
MMR,2010,6,151.772,91.062,60.71
MMR,2010,7,184.608,111.887,72.721
MMR,2010,8,152.921,91.843,61.078
MMR,2010,9,188.623,119.618,69.005
MMR,2010,10,195.347,115.367,79.98
MMR,2010,11,179.536,122.348,57.188
MMR,2010,12,209.357,149.622,59.735
MNE,2010,1,68.938,NA,68.938
MNE,2010,2,63.352,NA,63.352
MNE,2010,3,68.234,NA,68.234
MNE,2010,4,33.141,NA,33.141
MNE,2010,5,41.923,NA,41.923
MNE,2010,6,57.683,NA,57.683
MNE,2010,7,69.722,NA,69.722
MNE,2010,8,65.525,NA,65.525
MNE,2010,9,52.384,NA,52.384
MNE,2010,10,37.813,NA,37.813
MNE,2010,11,20.191,NA,20.191
MNE,2010,12,23.11,NA,23.11
MNG,2010,1,25.608,3.117,22.491
MNG,2010,2,22.371,2.691,19.68
MNG,2010,3,29.943,3.941,26.002
MNG,2010,4,30.786,3.604,27.182
MNG,2010,5,40.307,4.765,35.542
MNG,2010,6,54.237,6.37,47.867
MNG,2010,7,76.207,6.597,69.61
MNG,2010,8,77.715,5.393,72.322
MNG,2010,9,61.687,5.326,56.361
MNG,2010,10,37.435,3.54,33.895
MNG,2010,11,11.814,2.247,9.567
MNG,2010,12,10.46,2.5,7.96
MNP,2010,1,84.199,1.73,82.469
MNP,2010,2,74.514,1.975,72.539
MNP,2010,3,82.961,1.6,81.361
MNP,2010,4,62.101,1.378,60.723
MNP,2010,5,73.994,2.104,71.89
MNP,2010,6,76.308,2.171,74.137
MNP,2010,7,81.848,1.843,80.005
MNP,2010,8,83.965,1.549,82.416
MNP,2010,9,68.639,2.129,66.51
MNP,2010,10,62.937,1.637,61.3
MNP,2010,11,55.778,1.307,54.471
MNP,2010,12,66.748,2.184,64.564
MOZ,2010,1,88.963,49.24,39.723
MOZ,2010,2,76.466,41.389,35.077
MOZ,2010,3,85.493,46.004,39.489
MOZ,2010,4,87.685,50.617,37.068
MOZ,2010,5,95.063,54.504,40.559
MOZ,2010,6,108.047,63.05,44.997
MOZ,2010,7,113.448,64.783,48.665
MOZ,2010,8,109.213,62.698,46.515
MOZ,2010,9,95.107,54.965,40.142
MOZ,2010,10,89.664,50.329,39.335
MOZ,2010,11,92.942,50.88,42.062
MOZ,2010,12,109.447,61.434,48.013
MRT,2010,1,32.326,3.883,28.443
MRT,2010,2,30.314,3.619,26.695
MRT,2010,3,31.431,3.68,27.751
MRT,2010,4,13.552,NA,13.552
MRT,2010,5,14.625,NA,14.625
MRT,2010,6,16.464,NA,16.464
MRT,2010,7,17.569,NA,17.569
MRT,2010,8,17.095,NA,17.095
MRT,2010,9,14.652,NA,14.652
MRT,2010,10,13.377,NA,13.377
MRT,2010,11,3.959,NA,3.959
MRT,2010,12,3.518,NA,3.518
MSR,2010,1,2.035,NA,2.035
MSR,2010,2,2.24,NA,2.24
MSR,2010,3,2.06,NA,2.06
MSR,2010,4,1.773,NA,1.773
MSR,2010,5,1.873,NA,1.873
MSR,2010,6,1.793,NA,1.793
MSR,2010,7,1.933,NA,1.933
MSR,2010,8,1.842,NA,1.842
MSR,2010,9,1.681,NA,1.681
MSR,2010,10,1.421,NA,1.421
MSR,2010,11,1.483,NA,1.483
MSR,2010,12,2.247,NA,2.247
MTQ,2010,1,134.374,NA,134.374
MTQ,2010,2,130.29,NA,130.29
MTQ,2010,3,132.971,NA,132.971
MTQ,2010,4,123.86,NA,123.86
MTQ,2010,5,100.142,NA,100.142
MTQ,2010,6,105.688,NA,105.688
MTQ,2010,7,137.869,NA,137.869
MTQ,2010,8,122.575,NA,122.575
MTQ,2010,9,90.382,NA,90.382
MTQ,2010,10,97.19,NA,97.19
MTQ,2010,11,42.041,NA,42.041
MTQ,2010,12,59.248,NA,59.248
MUS,2010,1,258.963,7.894,251.069
MUS,2010,2,176.121,4.08,172.041
MUS,2010,3,201.216,3.758,197.458
MUS,2010,4,187.02,3.687,183.333
MUS,2010,5,177.857,5.208,172.649
MUS,2010,6,172.817,4.919,167.898
MUS,2010,7,234.56,9.569,224.991
MUS,2010,8,211.38,6.272,205.108
MUS,2010,9,159.315,4.615,154.7
MUS,2010,10,177.456,4.519,172.937
MUS,2010,11,160.655,4.995,155.66
MUS,2010,12,189.255,7.4,181.855
MWI,2010,1,37.896,5.357,32.539
MWI,2010,2,29.561,4.673,24.888
MWI,2010,3,33.525,4.562,28.963
MWI,2010,4,37.222,4.026,33.196
MWI,2010,5,39.762,5.603,34.159
MWI,2010,6,47.953,6.816,41.137
MWI,2010,7,53.073,6.942,46.131
MWI,2010,8,49.696,6.21,43.486
MWI,2010,9,43.432,6.02,37.412
MWI,2010,10,36.076,3.844,32.232
MWI,2010,11,32.291,5.326,26.965
MWI,2010,12,39.855,6.921,32.934
MYS,2010,1,3717.839,1341.058,2376.781
MYS,2010,2,3071.618,1073.763,1997.855
MYS,2010,3,3192.914,1103.321,2089.593
MYS,2010,4,2686.155,836.497,1849.658
MYS,2010,5,3144.887,1082.85,2062.037
MYS,2010,6,3349.229,1183.365,2165.864
MYS,2010,7,3634.797,1256.531,2378.266
MYS,2010,8,3225.879,1131.368,2094.511
MYS,2010,9,3090.216,1120.072,1970.144
MYS,2010,10,3508.087,1332.208,2175.879
MYS,2010,11,4035.889,1630.123,2405.766
MYS,2010,12,3865.303,1496.546,2368.757
MYT,2010,1,26.442,NA,26.442
MYT,2010,2,21.368,NA,21.368
MYT,2010,3,20.356,NA,20.356
MYT,2010,4,17.218,NA,17.218
MYT,2010,5,22.338,NA,22.338
MYT,2010,6,25.853,NA,25.853
MYT,2010,7,28.815,NA,28.815
MYT,2010,8,23.714,NA,23.714
MYT,2010,9,21.418,NA,21.418
MYT,2010,10,17.737,NA,17.737
MYT,2010,11,1.379,NA,1.379
MYT,2010,12,1.531,NA,1.531
NAM,2010,1,67.989,3.813,64.176
NAM,2010,2,70.73,3.483,67.247
NAM,2010,3,78.482,3.898,74.584
NAM,2010,4,67.83,3.443,64.387
NAM,2010,5,73.618,3.86,69.758
NAM,2010,6,86.786,4.778,82.008
NAM,2010,7,100.212,5.034,95.178
NAM,2010,8,95.53,4.554,90.976
NAM,2010,9,77.764,4.008,73.756
NAM,2010,10,69.425,3.089,66.336
NAM,2010,11,67.835,3.359,64.476
NAM,2010,12,83.444,5.621,77.823
NCL,2010,1,61.752,19.044,42.708
NCL,2010,2,54.927,18.555,36.372
NCL,2010,3,53.821,17.639,36.182
NCL,2010,4,45.734,14.837,30.897
NCL,2010,5,55.691,21.512,34.179
NCL,2010,6,58.693,22.705,35.988
NCL,2010,7,65.179,23.933,41.246
NCL,2010,8,57.193,18.295,38.898
NCL,2010,9,50.091,19.859,30.232
NCL,2010,10,43.662,13.37,30.292
NCL,2010,11,50.992,19.188,31.804
NCL,2010,12,73.929,34.434,39.495
NER,2010,1,17.96,NA,17.96
NER,2010,2,18.135,NA,18.135
NER,2010,3,19.519,NA,19.519
NER,2010,4,12.969,NA,12.969
NER,2010,5,13.217,NA,13.217
NER,2010,6,16.205,NA,16.205
NER,2010,7,17.898,NA,17.898
NER,2010,8,16.429,NA,16.429
NER,2010,9,13.585,NA,13.585
NER,2010,10,12.032,NA,12.032
NER,2010,11,9.103,NA,9.103
NER,2010,12,10.425,NA,10.425
NFK,2010,1,0.761,NA,0.761
NFK,2010,2,0.701,NA,0.701
NFK,2010,3,0.643,NA,0.643
NFK,2010,4,0.512,NA,0.512
NFK,2010,5,0.699,NA,0.699
NFK,2010,6,0.729,NA,0.729
NFK,2010,7,0.914,NA,0.914
NFK,2010,8,0.56,NA,0.56
NFK,2010,9,0.604,NA,0.604
NFK,2010,10,0.609,NA,0.609
NFK,2010,11,0.538,NA,0.538
NFK,2010,12,0.722,NA,0.722
NGA,2010,1,657.041,303.545,353.496
NGA,2010,2,545.717,247.025,298.692
NGA,2010,3,620.007,284.598,335.409
NGA,2010,4,618.582,290.643,327.939
NGA,2010,5,646.384,321.925,324.459
NGA,2010,6,639.359,301.401,337.958
NGA,2010,7,702.019,329.1,372.919
NGA,2010,8,592.152,250.406,341.746
NGA,2010,9,571.676,257.772,313.904
NGA,2010,10,598.744,266.131,332.613
NGA,2010,11,584.096,291.508,292.588
NGA,2010,12,654.432,327.88,326.552
NIC,2010,1,85.59,NA,85.59
NIC,2010,2,69.115,NA,69.115
NIC,2010,3,77.284,NA,77.284
NIC,2010,4,74.785,NA,74.785
NIC,2010,5,73.391,NA,73.391
NIC,2010,6,77.026,NA,77.026
NIC,2010,7,95.671,NA,95.671
NIC,2010,8,84.118,NA,84.118
NIC,2010,9,63.936,NA,63.936
NIC,2010,10,69.095,NA,69.095
NIC,2010,11,75.088,NA,75.088
NIC,2010,12,95.829,NA,95.829
NIU,2010,1,0.723,NA,0.723
NIU,2010,2,0.715,NA,0.715
NIU,2010,3,0.655,NA,0.655
NIU,2010,4,0.58,NA,0.58
NIU,2010,5,0.597,NA,0.597
NIU,2010,6,0.69,NA,0.69
NIU,2010,7,0.87,NA,0.87
NIU,2010,8,0.525,NA,0.525
NIU,2010,9,0.565,NA,0.565
NIU,2010,10,0.574,NA,0.574
NIU,2010,11,0.509,NA,0.509
NIU,2010,12,0.792,NA,0.792
NLD,2010,1,3373.93,0.546,3373.384
NLD,2010,2,3028.999,0.629,3028.37
NLD,2010,3,3738.299,0.874,3737.425
NLD,2010,4,3541.065,0.359,3540.706
NLD,2010,5,4084.29,0.384,4083.906
NLD,2010,6,4272.705,0.48,4272.225
NLD,2010,7,4424.581,0.34,4424.241
NLD,2010,8,4609.877,0.479,4609.398
NLD,2010,9,4199.274,0.437,4198.837
NLD,2010,10,4094.237,0.459,4093.778
NLD,2010,11,2986.745,0.506,2986.239
NLD,2010,12,3208.327,0.354,3207.973
NOR,2010,1,2053.236,919.929,1133.307
NOR,2010,2,2062.587,973.241,1089.346
NOR,2010,3,2410.336,1110.025,1300.311
NOR,2010,4,2429.499,1117.586,1311.913
NOR,2010,5,2791.898,1231.204,1560.694
NOR,2010,6,3194.827,1455.64,1739.187
NOR,2010,7,2938.587,1125.906,1812.681
NOR,2010,8,3163.49,1326.826,1836.664
NOR,2010,9,3039.276,1416.475,1622.801
NOR,2010,10,2847.014,1354.993,1492.021
NOR,2010,11,1576.219,718.287,857.932
NOR,2010,12,1490.322,655.299,835.023
NPL,2010,1,258.649,32.74,225.909
NPL,2010,2,220.517,28.819,191.698
NPL,2010,3,254.134,34.269,219.865
NPL,2010,4,254.126,35.965,218.161
NPL,2010,5,269.129,39.523,229.606
NPL,2010,6,258.509,34.179,224.33
NPL,2010,7,267.701,31.108,236.593
NPL,2010,8,247.818,33.246,214.572
NPL,2010,9,256.023,42.515,213.508
NPL,2010,10,284.273,41.181,243.092
NPL,2010,11,263.695,40.106,223.589
NPL,2010,12,308.274,44.558,263.716
NRU,2010,1,2.337,NA,2.337
NRU,2010,2,2.176,NA,2.176
NRU,2010,3,2.448,NA,2.448
NRU,2010,4,2.448,NA,2.448
NRU,2010,5,1.715,NA,1.715
NRU,2010,6,2.448,NA,2.448
NRU,2010,7,2.448,NA,2.448
NRU,2010,8,2.448,NA,2.448
NRU,2010,9,1.592,NA,1.592
NRU,2010,10,2.166,NA,2.166
NRU,2010,11,2.025,NA,2.025
NRU,2010,12,2.448,NA,2.448
NZL,2010,1,1482.126,621.766,860.36
NZL,2010,2,1399.613,680.125,719.488
NZL,2010,3,1518.253,752.671,765.582
NZL,2010,4,1378.251,691.25,687.001
NZL,2010,5,1370.366,674.182,696.184
NZL,2010,6,1506.597,759.523,747.074
NZL,2010,7,1826.739,888.257,938.482
NZL,2010,8,1657.76,802.145,855.615
NZL,2010,9,1438.275,733.488,704.787
NZL,2010,10,1433.873,733.696,700.177
NZL,2010,11,1405.676,709.099,696.577
NZL,2010,12,1764.921,916.086,848.835
OMN,2010,1,563.439,31.525,531.914
OMN,2010,2,489.815,27.975,461.84
OMN,2010,3,531.563,31.162,500.401
OMN,2010,4,491.875,34.346,457.529
OMN,2010,5,550.596,37.179,513.417
OMN,2010,6,587.273,39.932,547.341
OMN,2010,7,570.339,37.647,532.692
OMN,2010,8,505.088,33.832,471.256
OMN,2010,9,487.938,36.985,450.953
OMN,2010,10,497.352,33.806,463.546
OMN,2010,11,513.73,39.894,473.836
OMN,2010,12,646.739,53.629,593.11
PAK,2010,1,839.825,249.166,590.659
PAK,2010,2,726.077,210.468,515.609
PAK,2010,3,810.811,247.288,563.523
PAK,2010,4,658.786,210.164,448.622
PAK,2010,5,721.674,230.471,491.203
PAK,2010,6,800.479,265.587,534.892
PAK,2010,7,780.404,251.397,529.007
PAK,2010,8,707.946,228.634,479.312
PAK,2010,9,733.341,251.612,481.729
PAK,2010,10,720.718,236.568,484.15
PAK,2010,11,711.837,249.711,462.126
PAK,2010,12,824.148,271.111,553.037
PAN,2010,1,625.087,33.122,591.965
PAN,2010,2,532.282,24.119,508.163
PAN,2010,3,593.422,26.543,566.879
PAN,2010,4,550.416,23.942,526.474
PAN,2010,5,538.528,22.934,515.594
PAN,2010,6,575.419,32.398,543.021
PAN,2010,7,661.125,37.162,623.963
PAN,2010,8,591.799,29.278,562.521
PAN,2010,9,498.038,31.157,466.881
PAN,2010,10,541.7,26.914,514.786
PAN,2010,11,626.252,37.636,588.616
PAN,2010,12,693.054,37.97,655.084
PER,2010,1,796.914,296.399,500.515
PER,2010,2,703.328,277.024,426.304
PER,2010,3,824.729,334.917,489.812
PER,2010,4,820.863,356.938,463.925
PER,2010,5,861.82,367.454,494.366
PER,2010,6,903.519,386.006,517.513
PER,2010,7,991.887,420.433,571.454
PER,2010,8,991.367,420.628,570.739
PER,2010,9,886.615,399.127,487.488
PER,2010,10,885.32,398.317,487.003
PER,2010,11,878.716,388.157,490.559
PER,2010,12,1054.212,463.488,590.724
PHL,2010,1,2321.927,1089.579,1232.348
PHL,2010,2,1923.658,914.932,1008.726
PHL,2010,3,2183.421,1051.752,1131.669
PHL,2010,4,2385.873,1252.865,1133.008
PHL,2010,5,2320.491,1197.051,1123.44
PHL,2010,6,2070.678,1023.455,1047.223
PHL,2010,7,2314.027,1106.54,1207.487
PHL,2010,8,2086.313,1019.518,1066.795
PHL,2010,9,2138.599,1112.4,1026.199
PHL,2010,10,2623.482,1454.143,1169.339
PHL,2010,11,2781.992,1551.086,1230.906
PHL,2010,12,2649.983,1357.558,1292.425
PLW,2010,1,14.14,NA,14.14
PLW,2010,2,14.854,NA,14.854
PLW,2010,3,11.524,NA,11.524
PLW,2010,4,8.978,NA,8.978
PLW,2010,5,8.087,NA,8.087
PLW,2010,6,8.532,NA,8.532
PLW,2010,7,11.986,NA,11.986
PLW,2010,8,7.136,NA,7.136
PLW,2010,9,6.857,NA,6.857
PLW,2010,10,8.865,NA,8.865
PLW,2010,11,10.801,NA,10.801
PLW,2010,12,14.809,NA,14.809
PNG,2010,1,166.602,119.452,47.15
PNG,2010,2,133.98,94.521,39.459
PNG,2010,3,121.68,82.872,38.808
PNG,2010,4,99.027,61.077,37.95
PNG,2010,5,135.36,91.584,43.776
PNG,2010,6,163.006,117.411,45.595
PNG,2010,7,173.892,124.724,49.168
PNG,2010,8,150.139,104.493,45.646
PNG,2010,9,133.56,95.024,38.536
PNG,2010,10,124.415,82.069,42.346
PNG,2010,11,147.538,101.856,45.682
PNG,2010,12,180.025,126.325,53.7
POL,2010,1,1250.742,70.54,1180.202
POL,2010,2,1125.632,65.731,1059.901
POL,2010,3,1426.553,85.692,1340.861
POL,2010,4,1391.197,85.35,1305.847
POL,2010,5,1607.44,95.5,1511.94
POL,2010,6,1810.372,107.437,1702.935
POL,2010,7,1860.628,105.884,1754.744
POL,2010,8,1859.522,110.714,1748.808
POL,2010,9,1652.16,106.409,1545.751
POL,2010,10,1549.533,101.795,1447.738
POL,2010,11,894.514,85,809.514
POL,2010,12,956.127,84.688,871.439
PRI,2010,1,829.231,5.266,823.965
PRI,2010,2,711.25,5.489,705.761
PRI,2010,3,803.226,5.509,797.717
PRI,2010,4,697.961,5.447,692.514
PRI,2010,5,697.914,5.198,692.716
PRI,2010,6,765.498,5.69,759.808
PRI,2010,7,850.476,5.317,845.159
PRI,2010,8,712.309,4.797,707.512
PRI,2010,9,500.908,5.521,495.387
PRI,2010,10,553.515,5.812,547.703
PRI,2010,11,552.564,6.602,545.962
PRI,2010,12,668.71,5.85,662.86
PRK,2010,1,4.147,NA,4.147
PRK,2010,2,4.062,NA,4.062
PRK,2010,3,5.716,NA,5.716
PRK,2010,4,5.968,NA,5.968
PRK,2010,5,6.02,NA,6.02
PRK,2010,6,6.908,NA,6.908
PRK,2010,7,7.079,NA,7.079
PRK,2010,8,5.748,NA,5.748
PRK,2010,9,6.725,NA,6.725
PRK,2010,10,6.582,NA,6.582
PRK,2010,11,5.36,NA,5.36
PRK,2010,12,4.887,NA,4.887
PRT,2010,1,1774.245,290.637,1483.608
PRT,2010,2,1612.044,258.908,1353.136
PRT,2010,3,1943.494,294.921,1648.573
PRT,2010,4,1979.583,300.027,1679.556
PRT,2010,5,2254.029,309.123,1944.906
PRT,2010,6,2486.797,344.647,2142.15
PRT,2010,7,2742.629,383.786,2358.843
PRT,2010,8,2770.089,385.534,2384.555
PRT,2010,9,2318.143,320.471,1997.672
PRT,2010,10,2284.389,332.804,1951.585
PRT,2010,11,1500.89,231.943,1268.947
PRT,2010,12,1703.315,255.356,1447.959
PRY,2010,1,71.104,4.467,66.637
PRY,2010,2,60.379,3.874,56.505
PRY,2010,3,68.328,4.318,64.01
PRY,2010,4,67.01,4.174,62.836
PRY,2010,5,74.745,5.316,69.429
PRY,2010,6,81.133,6.062,75.071
PRY,2010,7,89.398,6.323,83.075
PRY,2010,8,82.82,5.604,77.216
PRY,2010,9,69.067,4.95,64.117
PRY,2010,10,63.358,4.475,58.883
PRY,2010,11,71.856,5.195,66.661
PRY,2010,12,84.065,6.205,77.86
PYF,2010,1,128.844,85.084,43.76
PYF,2010,2,111.999,73.384,38.615
PYF,2010,3,111.302,69.645,41.657
PYF,2010,4,92.247,55.944,36.303
PYF,2010,5,106.447,66.654,39.793
PYF,2010,6,134.494,85.205,49.289
PYF,2010,7,139.986,80.309,59.677
PYF,2010,8,122.997,64.212,58.785
PYF,2010,9,121.429,77.097,44.332
PYF,2010,10,105.648,62.727,42.921
PYF,2010,11,83.498,49.251,34.247
PYF,2010,12,130.58,82.471,48.109
QAT,2010,1,1457.17,NA,1457.17
QAT,2010,2,1328.03,NA,1328.03
QAT,2010,3,1483.301,NA,1483.301
QAT,2010,4,1349.883,NA,1349.883
QAT,2010,5,1472.634,NA,1472.634
QAT,2010,6,1525.296,NA,1525.296
QAT,2010,7,1511.754,NA,1511.754
QAT,2010,8,1395.934,NA,1395.934
QAT,2010,9,1327.74,NA,1327.74
QAT,2010,10,1392.794,NA,1392.794
QAT,2010,11,1372.469,NA,1372.469
QAT,2010,12,1644.847,NA,1644.847
REU,2010,1,206.381,NA,206.381
REU,2010,2,120.416,NA,120.416
REU,2010,3,149.677,NA,149.677
REU,2010,4,115.723,NA,115.723
REU,2010,5,143.397,NA,143.397
REU,2010,6,143.657,NA,143.657
REU,2010,7,196.948,NA,196.948
REU,2010,8,175.996,NA,175.996
REU,2010,9,129.764,NA,129.764
REU,2010,10,143.55,NA,143.55
REU,2010,11,65.019,NA,65.019
REU,2010,12,80.602,NA,80.602
RKS,2010,1,NA,NA,NA
RKS,2010,2,NA,NA,NA
RKS,2010,3,NA,NA,NA
RKS,2010,4,NA,NA,NA
RKS,2010,5,NA,NA,NA
RKS,2010,6,NA,NA,NA
RKS,2010,7,NA,NA,NA
ROU,2010,1,733.883,63.549,670.334
ROU,2010,2,691.954,63.355,628.599
ROU,2010,3,849.729,78.413,771.316
ROU,2010,4,811.621,76.291,735.33
ROU,2010,5,902.091,81.563,820.528
ROU,2010,6,1007.812,95.654,912.158
ROU,2010,7,1068.073,97.379,970.694
ROU,2010,8,1069.314,95.898,973.416
ROU,2010,9,945.871,89.683,856.188
ROU,2010,10,910.345,83.911,826.434
ROU,2010,11,590.631,78.684,511.947
ROU,2010,12,654.205,85.876,568.329
RUS,2010,1,4053.133,1784.961,2268.172
RUS,2010,2,3541.752,1605.487,1936.265
RUS,2010,3,4431.531,2087.643,2343.888
RUS,2010,4,3078.366,1323.161,1755.205
RUS,2010,5,3715.723,1639.013,2076.71
RUS,2010,6,4320.308,1981.933,2338.375
RUS,2010,7,4567.89,2043.983,2523.907
RUS,2010,8,4634.821,2052.522,2582.299
RUS,2010,9,4229.213,1920.477,2308.736
RUS,2010,10,3863.111,1715.51,2147.601
RUS,2010,11,1168.391,288.974,879.417
RUS,2010,12,1240.624,288.311,952.313
RWA,2010,1,35.029,0.789,34.24
RWA,2010,2,31.46,0.758,30.702
RWA,2010,3,34.559,0.827,33.732
RWA,2010,4,25.664,0.589,25.075
RWA,2010,5,37.41,1.255,36.155
RWA,2010,6,45.732,1.49,44.242
RWA,2010,7,48.902,1.408,47.494
RWA,2010,8,45.699,1.205,44.494
RWA,2010,9,43.173,1.353,41.82
RWA,2010,10,34.419,0.694,33.725
RWA,2010,11,34.568,1.058,33.51
RWA,2010,12,41.528,1.29,40.238
SAU,2010,1,2549.383,1007.06,1542.323
SAU,2010,2,2359.661,941.138,1418.523
SAU,2010,3,2600.313,1012.718,1587.595
SAU,2010,4,1731.504,590.216,1141.288
SAU,2010,5,1877.16,630.696,1246.464
SAU,2010,6,2006.445,679.25,1327.195
SAU,2010,7,1964.664,634.164,1330.5
SAU,2010,8,1777.831,575.699,1202.132
SAU,2010,9,1697.049,579.07,1117.979
SAU,2010,10,1768.255,637.073,1131.182
SAU,2010,11,1738.412,658.53,1079.882
SAU,2010,12,2083.683,753.353,1330.33
SDN,2010,1,260.883,46.599,214.284
SDN,2010,2,214.828,35.601,179.227
SDN,2010,3,245.868,41.392,204.476
SDN,2010,4,216.044,38.29,177.754
SDN,2010,5,245.984,53.451,192.533
SDN,2010,6,267.111,58.608,208.503
SDN,2010,7,269.161,56.133,213.028
SDN,2010,8,246.498,48.744,197.754
SDN,2010,9,234.608,49.285,185.323
SDN,2010,10,230.971,41.955,189.016
SDN,2010,11,214.234,45.953,168.281
SDN,2010,12,260.877,56.509,204.368
SEN,2010,1,228.343,0.497,227.846
SEN,2010,2,195.305,0.464,194.841
SEN,2010,3,220.008,NA,220.008
SEN,2010,4,168.702,NA,168.702
SEN,2010,5,183.29,NA,183.29
SEN,2010,6,201.601,NA,201.601
SEN,2010,7,211.446,NA,211.446
SEN,2010,8,193.353,NA,193.353
SEN,2010,9,174.041,NA,174.041
SEN,2010,10,179.228,NA,179.228
SEN,2010,11,151.966,NA,151.966
SEN,2010,12,182.425,NA,182.425
SGP,2010,1,3852.077,NA,3852.077
SGP,2010,2,3155.125,NA,3155.125
SGP,2010,3,3296.857,NA,3296.857
SGP,2010,4,3090.221,NA,3090.221
SGP,2010,5,3333.557,NA,3333.557
SGP,2010,6,3404.862,NA,3404.862
SGP,2010,7,3788.955,NA,3788.955
SGP,2010,8,3382.738,NA,3382.738
SGP,2010,9,3160.668,NA,3160.668
SGP,2010,10,3482.855,NA,3482.855
SGP,2010,11,3781.098,NA,3781.098
SGP,2010,12,3740.782,NA,3740.782
SJM,2010,1,2.559,NA,2.559
SJM,2010,2,3.056,NA,3.056
SJM,2010,3,4.042,NA,4.042
SJM,2010,4,5.54,NA,5.54
SJM,2010,5,5.667,NA,5.667
SJM,2010,6,8.371,NA,8.371
SJM,2010,7,10.451,NA,10.451
SJM,2010,8,7.776,NA,7.776
SJM,2010,9,4.016,NA,4.016
SJM,2010,10,3.833,NA,3.833
SJM,2010,11,2.49,NA,2.49
SJM,2010,12,4.734,NA,4.734
SLB,2010,1,26.129,14.016,12.113
SLB,2010,2,23.913,12.806,11.107
SLB,2010,3,22.669,11.749,10.92
SLB,2010,4,17.486,7.954,9.532
SLB,2010,5,21.258,11.001,10.257
SLB,2010,6,26.263,13.912,12.351
SLB,2010,7,27.457,14.426,13.031
SLB,2010,8,24.799,12.829,11.97
SLB,2010,9,20.642,11.858,8.784
SLB,2010,10,22.285,11.655,10.63
SLB,2010,11,23.588,11.488,12.1
SLB,2010,12,27.551,13.893,13.658
SLE,2010,1,23.321,NA,23.321
SLE,2010,2,19.176,NA,19.176
SLE,2010,3,21.617,NA,21.617
SLE,2010,4,16.241,NA,16.241
SLE,2010,5,17.037,NA,17.037
SLE,2010,6,18.22,NA,18.22
SLE,2010,7,19.995,NA,19.995
SLE,2010,8,16.5,NA,16.5
SLE,2010,9,14.898,NA,14.898
SLE,2010,10,15.852,NA,15.852
SLE,2010,11,15.123,NA,15.123
SLE,2010,12,18.381,NA,18.381
SLV,2010,1,242.501,NA,242.501
SLV,2010,2,194.163,NA,194.163
SLV,2010,3,223.841,NA,223.841
SLV,2010,4,212.878,NA,212.878
SLV,2010,5,215.572,NA,215.572
SLV,2010,6,227.984,NA,227.984
SLV,2010,7,277.648,NA,277.648
SLV,2010,8,242.307,NA,242.307
SLV,2010,9,191.311,NA,191.311
SLV,2010,10,213.321,NA,213.321
SLV,2010,11,229.886,NA,229.886
SLV,2010,12,287.553,NA,287.553
SOM,2010,1,25.147,5.585,19.562
SOM,2010,2,21.258,4.757,16.501
SOM,2010,3,23.613,5.584,18.029
SOM,2010,4,22.289,5.262,17.027
SOM,2010,5,24.625,5.698,18.927
SOM,2010,6,28.272,6.542,21.73
SOM,2010,7,28.685,6.434,22.251
SOM,2010,8,26.389,6.496,19.893
SOM,2010,9,23.383,6.018,17.365
SOM,2010,10,20.418,4.301,16.117
SOM,2010,11,20.45,4.59,15.86
SOM,2010,12,27.27,6.513,20.757
SPM,2010,1,1.4,NA,1.4
SPM,2010,2,1.403,NA,1.403
SPM,2010,3,1.508,NA,1.508
SPM,2010,4,1.359,NA,1.359
SPM,2010,5,1.621,NA,1.621
SPM,2010,6,2.34,NA,2.34
SPM,2010,7,2.684,NA,2.684
SPM,2010,8,2.003,NA,2.003
SPM,2010,9,1.731,NA,1.731
SPM,2010,10,1.461,NA,1.461
SPM,2010,11,1.296,NA,1.296
SPM,2010,12,1.865,NA,1.865
SRB,2010,1,268.165,NA,268.165
SRB,2010,2,246.477,NA,246.477
SRB,2010,3,299.237,NA,299.237
SRB,2010,4,286,NA,286
SRB,2010,5,329.826,NA,329.826
SRB,2010,6,362.107,NA,362.107
SRB,2010,7,390.738,NA,390.738
SRB,2010,8,390.35,NA,390.35
SRB,2010,9,334.291,NA,334.291
SRB,2010,10,321.06,NA,321.06
SRB,2010,11,206.323,NA,206.323
SRB,2010,12,226.321,NA,226.321
STP,2010,1,8.644,NA,8.644
STP,2010,2,7.192,NA,7.192
STP,2010,3,7.187,NA,7.187
STP,2010,4,3.932,NA,3.932
STP,2010,5,4.593,NA,4.593
STP,2010,6,4.456,NA,4.456
STP,2010,7,4.265,NA,4.265
STP,2010,8,3.758,NA,3.758
STP,2010,9,3.164,NA,3.164
STP,2010,10,3.074,NA,3.074
STP,2010,11,2.497,NA,2.497
STP,2010,12,2.474,NA,2.474
SUR,2010,1,37.433,NA,37.433
SUR,2010,2,29.823,NA,29.823
SUR,2010,3,32.341,NA,32.341
SUR,2010,4,29.406,NA,29.406
SUR,2010,5,29.396,NA,29.396
SUR,2010,6,30.669,NA,30.669
SUR,2010,7,36.985,NA,36.985
SUR,2010,8,34.996,NA,34.996
SUR,2010,9,26.339,NA,26.339
SUR,2010,10,26.78,NA,26.78
SUR,2010,11,29.261,NA,29.261
SUR,2010,12,34.742,NA,34.742
SVK,2010,1,128.935,6.497,122.438
SVK,2010,2,117.669,6.496,111.173
SVK,2010,3,141.426,8.165,133.261
SVK,2010,4,129.589,7.689,121.9
SVK,2010,5,148.816,8.778,140.038
SVK,2010,6,171.467,11.219,160.248
SVK,2010,7,185.593,11.052,174.541
SVK,2010,8,183.876,10.642,173.234
SVK,2010,9,165.035,10.532,154.503
SVK,2010,10,154.76,8.42,146.34
SVK,2010,11,143.45,8.045,135.405
SVK,2010,12,165.047,8.842,156.205
SVN,2010,1,94.809,NA,94.809
SVN,2010,2,92.891,NA,92.891
SVN,2010,3,117.292,NA,117.292
SVN,2010,4,123.025,NA,123.025
SVN,2010,5,142.444,NA,142.444
SVN,2010,6,165.176,NA,165.176
SVN,2010,7,173.448,NA,173.448
SVN,2010,8,171.35,NA,171.35
SVN,2010,9,143.97,NA,143.97
SVN,2010,10,131.169,NA,131.169
SVN,2010,11,94.337,NA,94.337
SVN,2010,12,98.28,NA,98.28
SWE,2010,1,1635.517,374.694,1260.823
SWE,2010,2,1679.766,429.353,1250.413
SWE,2010,3,2053.971,556.654,1497.317
SWE,2010,4,1843.55,459.217,1384.333
SWE,2010,5,2169.42,524.722,1644.698
SWE,2010,6,2408.488,590.65,1817.838
SWE,2010,7,2103.341,348.475,1754.866
SWE,2010,8,2390.031,512.382,1877.649
SWE,2010,9,2432.367,638.439,1793.928
SWE,2010,10,2265.114,595.316,1669.798
SWE,2010,11,1512.047,358.954,1153.093
SWE,2010,12,1447.962,310.1,1137.862
SWZ,2010,1,4.717,NA,4.717
SWZ,2010,2,4.174,NA,4.174
SWZ,2010,3,4.545,NA,4.545
SWZ,2010,4,4.291,NA,4.291
SWZ,2010,5,5.019,NA,5.019
SWZ,2010,6,5.317,NA,5.317
SWZ,2010,7,5.947,NA,5.947
SWZ,2010,8,5.962,NA,5.962
SWZ,2010,9,5.475,NA,5.475
SWZ,2010,10,4.593,NA,4.593
SWZ,2010,11,4.921,NA,4.921
SWZ,2010,12,4.915,NA,4.915
SYC,2010,1,48.215,4.245,43.97
SYC,2010,2,50.941,5.23,45.711
SYC,2010,3,52.075,4.313,47.762
SYC,2010,4,40.855,4.21,36.645
SYC,2010,5,43.799,6.262,37.537
SYC,2010,6,46.032,5.57,40.462
SYC,2010,7,51.926,4.553,47.373
SYC,2010,8,50.789,4.181,46.608
SYC,2010,9,45.807,6.25,39.557
SYC,2010,10,45.643,5.084,40.559
SYC,2010,11,40.086,4.412,35.674
SYC,2010,12,52.383,7.834,44.549
SYR,2010,1,381.966,16.884,365.082
SYR,2010,2,337.015,16.346,320.669
SYR,2010,3,389.024,17.318,371.706
SYR,2010,4,248.648,NA,248.648
SYR,2010,5,274.898,NA,274.898
SYR,2010,6,312.252,NA,312.252
SYR,2010,7,326.655,NA,326.655
SYR,2010,8,318.703,NA,318.703
SYR,2010,9,276.91,NA,276.91
SYR,2010,10,279.921,NA,279.921
SYR,2010,11,232.668,NA,232.668
SYR,2010,12,275.378,NA,275.378
TCA,2010,1,65.285,5.792,59.493
TCA,2010,2,66.785,6.883,59.902
TCA,2010,3,74.69,6.657,68.033
TCA,2010,4,57.666,5.872,51.794
TCA,2010,5,54.664,5.834,48.83
TCA,2010,6,56.52,6.19,50.33
TCA,2010,7,60.53,6.723,53.807
TCA,2010,8,51.417,5.593,45.824
TCA,2010,9,37.398,5.492,31.906
TCA,2010,10,38.431,6.074,32.357
TCA,2010,11,46.772,6.207,40.565
TCA,2010,12,62.24,10.303,51.937
TCD,2010,1,15.285,NA,15.285
TCD,2010,2,13.436,NA,13.436
TCD,2010,3,15.109,NA,15.109
TCD,2010,4,9.977,NA,9.977
TCD,2010,5,10.551,NA,10.551
TCD,2010,6,12.875,NA,12.875
TCD,2010,7,12.882,NA,12.882
TCD,2010,8,12.541,NA,12.541
TCD,2010,9,11.275,NA,11.275
TCD,2010,10,9.998,NA,9.998
TCD,2010,11,5.612,NA,5.612
TCD,2010,12,5.724,NA,5.724
TGO,2010,1,40.203,NA,40.203
TGO,2010,2,40.322,NA,40.322
TGO,2010,3,44.115,NA,44.115
TGO,2010,4,32.594,NA,32.594
TGO,2010,5,37.086,NA,37.086
TGO,2010,6,43.083,NA,43.083
TGO,2010,7,48.738,NA,48.738
TGO,2010,8,45.408,NA,45.408
TGO,2010,9,39.159,NA,39.159
TGO,2010,10,34.462,NA,34.462
TGO,2010,11,28.039,NA,28.039
TGO,2010,12,34.055,NA,34.055
THA,2010,1,4561.387,1078.9,3482.487
THA,2010,2,3825.386,884.662,2940.724
THA,2010,3,4226.807,977.57,3249.237
THA,2010,4,4107.011,1084.088,3022.923
THA,2010,5,3904.981,939.584,2965.397
THA,2010,6,3952.771,992.871,2959.9
THA,2010,7,4299.658,1047.726,3251.932
THA,2010,8,3878.128,960.361,2917.767
THA,2010,9,3753.034,972.721,2780.313
THA,2010,10,4248.75,1132.255,3116.495
THA,2010,11,2610.484,525.988,2084.496
THA,2010,12,2756.75,518.349,2238.401
TJK,2010,1,82.913,NA,82.913
TJK,2010,2,77.795,NA,77.795
TJK,2010,3,94.004,NA,94.004
TJK,2010,4,54.514,NA,54.514
TJK,2010,5,61.04,NA,61.04
TJK,2010,6,70.476,NA,70.476
TJK,2010,7,74.028,NA,74.028
TJK,2010,8,72.525,NA,72.525
TJK,2010,9,62.125,NA,62.125
TJK,2010,10,57.189,NA,57.189
TJK,2010,11,52.643,NA,52.643
TJK,2010,12,61.57,NA,61.57
TKM,2010,1,60.993,NA,60.993
TKM,2010,2,51.479,NA,51.479
TKM,2010,3,62.26,NA,62.26
TKM,2010,4,53.182,NA,53.182
TKM,2010,5,57.64,NA,57.64
TKM,2010,6,64.74,NA,64.74
TKM,2010,7,66.849,NA,66.849
TKM,2010,8,63.594,NA,63.594
TKM,2010,9,54.372,NA,54.372
TKM,2010,10,55.767,NA,55.767
TKM,2010,11,50.075,NA,50.075
TKM,2010,12,56.997,NA,56.997
TLS,2010,1,7.224,NA,7.224
TLS,2010,2,5.991,NA,5.991
TLS,2010,3,5.781,NA,5.781
TLS,2010,4,6.264,NA,6.264
TLS,2010,5,6.908,NA,6.908
TLS,2010,6,7.546,NA,7.546
TLS,2010,7,8.33,NA,8.33
TLS,2010,8,6.683,NA,6.683
TLS,2010,9,6.229,NA,6.229
TLS,2010,10,6.063,NA,6.063
TLS,2010,11,6.869,NA,6.869
TLS,2010,12,8.265,NA,8.265
TON,2010,1,13.196,NA,13.196
TON,2010,2,12.457,NA,12.457
TON,2010,3,13.688,NA,13.688
TON,2010,4,10.939,NA,10.939
TON,2010,5,11.682,NA,11.682
TON,2010,6,14.463,NA,14.463
TON,2010,7,15.364,NA,15.364
TON,2010,8,13.075,NA,13.075
TON,2010,9,12.133,NA,12.133
TON,2010,10,10.142,NA,10.142
TON,2010,11,11.44,NA,11.44
TON,2010,12,16.338,NA,16.338
TTO,2010,1,216.47,25.174,191.296
TTO,2010,2,190.877,25.29,165.587
TTO,2010,3,193.579,25.573,168.006
TTO,2010,4,184.826,28.32,156.506
TTO,2010,5,187.091,29.953,157.138
TTO,2010,6,178.099,24.787,153.312
TTO,2010,7,218.06,25.852,192.208
TTO,2010,8,189.361,22.229,167.132
TTO,2010,9,161.644,22.655,138.989
TTO,2010,10,173.662,25.632,148.03
TTO,2010,11,203.077,28.622,174.455
TTO,2010,12,233.565,28.151,205.414
TUN,2010,1,477.793,26.517,451.276
TUN,2010,2,456.428,22.872,433.556
TUN,2010,3,557.056,23.811,533.245
TUN,2010,4,511.915,NA,511.915
TUN,2010,5,569.258,NA,569.258
TUN,2010,6,612.908,NA,612.908
TUN,2010,7,652.648,NA,652.648
TUN,2010,8,646.083,NA,646.083
TUN,2010,9,562.429,NA,562.429
TUN,2010,10,559.288,NA,559.288
TUN,2010,11,150.126,NA,150.126
TUN,2010,12,178.152,NA,178.152
TUR,2010,1,3435.932,1230.755,2205.177
TUR,2010,2,3163.1,1170.626,1992.474
TUR,2010,3,3858.37,1424.747,2433.623
TUR,2010,4,3659.248,1391.267,2267.981
TUR,2010,5,4188.424,1479.358,2709.066
TUR,2010,6,4454.759,1576.9,2877.859
TUR,2010,7,4714.875,1603.555,3111.32
TUR,2010,8,4826.795,1648.751,3178.044
TUR,2010,9,4336.781,1562.96,2773.821
TUR,2010,10,4345.41,1619.233,2726.177
TUR,2010,11,3241.479,1353.164,1888.315
TUR,2010,12,3460.242,1385.223,2075.019
TUV,2010,1,0.797,NA,0.797
TUV,2010,2,0.564,NA,0.564
TUV,2010,3,0.593,NA,0.593
TUV,2010,4,0.583,NA,0.583
TUV,2010,5,0.444,NA,0.444
TUV,2010,6,0.721,NA,0.721
TUV,2010,7,0.756,NA,0.756
TUV,2010,8,0.584,NA,0.584
TUV,2010,9,0.489,NA,0.489
TUV,2010,10,0.319,NA,0.319
TUV,2010,11,0.417,NA,0.417
TUV,2010,12,0.756,NA,0.756
TWN,2010,1,2626.633,232.321,2394.312
TWN,2010,2,2375.328,223.984,2151.344
TWN,2010,3,2547.377,255.218,2292.159
TWN,2010,4,2339.808,261.877,2077.931
TWN,2010,5,2402.451,282.138,2120.313
TWN,2010,6,2265.708,250.948,2014.76
TWN,2010,7,2663.264,275.305,2387.959
TWN,2010,8,2378.325,256.858,2121.467
TWN,2010,9,2389.521,272.387,2117.134
TWN,2010,10,2726.228,307.176,2419.052
TWN,2010,11,2753.802,330.387,2423.415
TWN,2010,12,3047.153,390.374,2656.779
TZA,2010,1,195.487,46.952,148.535
TZA,2010,2,159.577,38.371,121.206
TZA,2010,3,178.324,46.256,132.068
TZA,2010,4,139.874,31.25,108.624
TZA,2010,5,187.364,54.659,132.705
TZA,2010,6,219.417,65.112,154.305
TZA,2010,7,229.606,64.599,165.007
TZA,2010,8,223.813,61.153,162.66
TZA,2010,9,203.698,60.962,142.736
TZA,2010,10,194.58,54.306,140.274
TZA,2010,11,189.768,59.085,130.683
TZA,2010,12,219.922,67.142,152.78
UGA,2010,1,113.337,2.039,111.298
UGA,2010,2,91.48,1.917,89.563
UGA,2010,3,104.698,2.333,102.365
UGA,2010,4,87.659,2.324,85.335
UGA,2010,5,105.222,2.241,102.981
UGA,2010,6,128.123,2.868,125.255
UGA,2010,7,139.986,2.878,137.108
UGA,2010,8,133.315,2.671,130.644
UGA,2010,9,116.413,2.099,114.314
UGA,2010,10,107.696,2.561,105.135
UGA,2010,11,97.081,2.236,94.845
UGA,2010,12,114.99,2.441,112.549
UKR,2010,1,579.93,67.638,512.292
UKR,2010,2,533.424,66.396,467.028
UKR,2010,3,654.014,82.409,571.605
UKR,2010,4,586.597,79.18,507.417
UKR,2010,5,705.825,89.183,616.642
UKR,2010,6,802.996,107.5,695.496
UKR,2010,7,860.47,117.259,743.211
UKR,2010,8,874.34,116.572,757.768
UKR,2010,9,762.714,102.767,659.947
UKR,2010,10,717.424,93.733,623.691
UKR,2010,11,411.887,8.688,403.199
UKR,2010,12,449.144,8.653,440.491
URY,2010,1,133.549,NA,133.549
URY,2010,2,109.825,NA,109.825
URY,2010,3,126.739,NA,126.739
URY,2010,4,118.423,NA,118.423
URY,2010,5,126.355,NA,126.355
URY,2010,6,136.406,NA,136.406
URY,2010,7,151.859,NA,151.859
URY,2010,8,143.635,NA,143.635
URY,2010,9,107.601,NA,107.601
URY,2010,10,95.027,NA,95.027
URY,2010,11,101.665,NA,101.665
URY,2010,12,123.233,NA,123.233
USA,2010,1,58929.805,45933.647,12996.158
USA,2010,2,54755.911,43330.98,11424.931
USA,2010,3,68858.175,54917.391,13940.784
USA,2010,4,66000.638,53047.661,12952.977
USA,2010,5,68005.215,54213.534,13791.681
USA,2010,6,72142.087,57355.923,14786.164
USA,2010,7,75958.817,59518.695,16440.122
USA,2010,8,73302.531,57590.159,15712.372
USA,2010,9,63165.372,50427.966,12737.406
USA,2010,10,67452.743,54388.36,13064.383
USA,2010,11,62361.129,50491.114,11870.015
USA,2010,12,63162.218,49937.572,13224.646
UZB,2010,1,234.584,52.552,182.032
UZB,2010,2,217.188,48.904,168.284
UZB,2010,3,271.356,60.323,211.033
UZB,2010,4,259.552,68.854,190.698
UZB,2010,5,272.502,70.792,201.71
UZB,2010,6,310.201,81.404,228.797
UZB,2010,7,324.662,82.244,242.418
UZB,2010,8,325.711,80.996,244.715
UZB,2010,9,294.367,76.03,218.337
UZB,2010,10,277.374,68.138,209.236
UZB,2010,11,39.02,0.736,38.284
UZB,2010,12,41.516,0.736,40.78
VCT,2010,1,22.241,0.377,21.864
VCT,2010,2,20.555,0.408,20.147
VCT,2010,3,20.551,0.35,20.201
VCT,2010,4,18.998,0.364,18.634
VCT,2010,5,22.231,0.435,21.796
VCT,2010,6,22.841,0.421,22.42
VCT,2010,7,21.53,NA,21.53
VCT,2010,8,16.742,NA,16.742
VCT,2010,9,14.752,NA,14.752
VCT,2010,10,15.25,NA,15.25
VCT,2010,11,19.085,NA,19.085
VCT,2010,12,24.009,NA,24.009
VEN,2010,1,699.394,293.718,405.676
VEN,2010,2,585.855,263.015,322.84
VEN,2010,3,691.174,309.19,381.984
VEN,2010,4,675.413,318.566,356.847
VEN,2010,5,714.483,335.984,378.499
VEN,2010,6,730.896,340.37,390.526
VEN,2010,7,789.894,348.223,441.671
VEN,2010,8,745.492,326.17,419.322
VEN,2010,9,659.623,309.624,349.999
VEN,2010,10,672.487,310.466,362.021
VEN,2010,11,711.651,344.913,366.738
VEN,2010,12,806.553,381.608,424.945
VGB,2010,1,22.862,NA,22.862
VGB,2010,2,20.644,NA,20.644
VGB,2010,3,20.801,NA,20.801
VGB,2010,4,21.255,NA,21.255
VGB,2010,5,23.862,NA,23.862
VGB,2010,6,24.442,NA,24.442
VGB,2010,7,28.165,NA,28.165
VGB,2010,8,24.778,NA,24.778
VGB,2010,9,24.489,NA,24.489
VGB,2010,10,23.447,NA,23.447
VGB,2010,11,28.492,NA,28.492
VGB,2010,12,33.654,NA,33.654
VIR,2010,1,163.126,7.7,155.426
VIR,2010,2,156.494,8.059,148.435
VIR,2010,3,179.27,8.026,171.244
VIR,2010,4,152.683,7.782,144.901
VIR,2010,5,123.842,10.492,113.35
VIR,2010,6,131.981,9.459,122.522
VIR,2010,7,147.556,8.405,139.151
VIR,2010,8,126.067,8.01,118.057
VIR,2010,9,89.337,8.894,80.443
VIR,2010,10,93.538,8.213,85.325
VIR,2010,11,115.5,9.278,106.222
VIR,2010,12,131.19,11.824,119.366
VNM,2010,1,1502.699,593.896,908.803
VNM,2010,2,1425.423,647.005,778.418
VNM,2010,3,1467.65,597.216,870.434
VNM,2010,4,1477.349,623.37,853.979
VNM,2010,5,1460.416,627.94,832.476
VNM,2010,6,1420.04,610.672,809.368
VNM,2010,7,1550.555,633.924,916.631
VNM,2010,8,1399.784,575.987,823.797
VNM,2010,9,1399.406,596.634,802.772
VNM,2010,10,1641.547,716.27,925.277
VNM,2010,11,1555.246,621.044,934.202
VNM,2010,12,1617.241,612.098,1005.143
VUT,2010,1,46.82,22.183,24.637
VUT,2010,2,36.068,15.302,20.766
VUT,2010,3,32.888,13.029,19.859
VUT,2010,4,28.276,10.19,18.086
VUT,2010,5,33.366,12.779,20.587
VUT,2010,6,40.427,18.115,22.312
VUT,2010,7,46.659,19.609,27.05
VUT,2010,8,37.345,14.282,23.063
VUT,2010,9,32.622,13.453,19.169
VUT,2010,10,31.646,11.079,20.567
VUT,2010,11,38.153,14.412,23.741
VUT,2010,12,47.396,18.195,29.201
WLF,2010,1,3.28,0.784,2.496
WLF,2010,2,3.706,1.097,2.609
WLF,2010,3,3.579,0.722,2.857
WLF,2010,4,2.847,0.541,2.306
WLF,2010,5,2.895,0.675,2.22
WLF,2010,6,3.662,1.039,2.623
WLF,2010,7,4.23,1.095,3.135
WLF,2010,8,2.815,0.535,2.28
WLF,2010,9,2.816,0.776,2.04
WLF,2010,10,2.64,0.646,1.994
WLF,2010,11,2.199,NA,2.199
WLF,2010,12,3.796,NA,3.796
WSM,2010,1,25.933,0.152,25.781
WSM,2010,2,24.728,0.166,24.562
WSM,2010,3,26.665,0.139,26.526
WSM,2010,4,21.737,0.111,21.626
WSM,2010,5,23.76,0.193,23.567
WSM,2010,6,29.368,0.262,29.106
WSM,2010,7,30.744,0.258,30.486
WSM,2010,8,27.153,0.189,26.964
WSM,2010,9,25.169,0.223,24.946
WSM,2010,10,22.544,0.105,22.439
WSM,2010,11,23.076,0.075,23.001
WSM,2010,12,33.093,0.11,32.983
YEM,2010,1,185.321,52.265,133.056
YEM,2010,2,162.934,45.997,116.937
YEM,2010,3,188.33,53.781,134.549
YEM,2010,4,178.907,51.569,127.338
YEM,2010,5,191.703,57.93,133.773
YEM,2010,6,212.042,65.633,146.409
YEM,2010,7,220.374,67.385,152.989
YEM,2010,8,204.074,62.236,141.838
YEM,2010,9,187.348,57.792,129.556
YEM,2010,10,185.296,52.283,133.013
YEM,2010,11,191.894,56.36,135.534
YEM,2010,12,235.091,67.383,167.708
ZAF,2010,1,1864.757,898.539,966.218
ZAF,2010,2,1610.827,792.257,818.57
ZAF,2010,3,1893.924,957.72,936.204
ZAF,2010,4,1814.755,964.894,849.861
ZAF,2010,5,1862.171,986.478,875.693
ZAF,2010,6,2087.02,1089.406,997.614
ZAF,2010,7,2261.332,1166.58,1094.752
ZAF,2010,8,2188.946,1149.34,1039.606
ZAF,2010,9,1898.388,1012.674,885.714
ZAF,2010,10,1879.614,999.773,879.841
ZAF,2010,11,1881.595,945.803,935.792
ZAF,2010,12,2076.79,1008.385,1068.405
ZMB,2010,1,90.179,6.014,84.165
ZMB,2010,2,79.2,5.72,73.48
ZMB,2010,3,92.755,6.464,86.291
ZMB,2010,4,87.868,6.71,81.158
ZMB,2010,5,95.616,6.602,89.014
ZMB,2010,6,108.626,7.713,100.913
ZMB,2010,7,120.868,8.248,112.62
ZMB,2010,8,115.867,7.604,108.263
ZMB,2010,9,93.364,6.112,87.252
ZMB,2010,10,89.547,6.202,83.345
ZMB,2010,11,86.446,5.81,80.636
ZMB,2010,12,103.038,7.837,95.201
ZWE,2010,1,77.678,6.005,71.673
ZWE,2010,2,59.638,4.832,54.806
ZWE,2010,3,67.501,5.898,61.603
ZWE,2010,4,60.722,5.97,54.752
ZWE,2010,5,64.651,7.518,57.133
ZWE,2010,6,76.718,9.773,66.945
ZWE,2010,7,85.591,10.344,75.247
ZWE,2010,8,82.387,9.043,73.344
ZWE,2010,9,68.392,7.755,60.637
ZWE,2010,10,60.927,5.415,55.512
ZWE,2010,11,60.359,6.079,54.28
ZWE,2010,12,70.454,8.351,62.103
